staff_id,name,job_level,street,state,city,country,contact_number,creation_date
STAFF0028809,Grady Howell,entry,743 Turnpike side,Maine,Arlington,Eritrea,685-822-9808,2021-01-24 04:25:48
STAFF0018268,Hobart Leannon,entry,7253 New Lodge shire,Maryland,Birmingham,"Taiwan, Province of China",(944)364-9294,2022-12-01 01:36:14
STAFF0050194,Martine Runolfsdottir,senior,28436 Lake Route berg,Georgia,Oklahoma,Slovenia,(097)680-6929,2023-07-26 20:48:10
STAFF0060366,Donato Kerluke,entry,148 East Street furt,Arizona,Stockton,United Kingdom of Great Britain and Northern Ireland,547-561-1315,2020-03-20 20:47:00
STAFF0048779,Alaina Pfeffer,intermediate,284 Extension chester,Alaska,Stockton,Tuvalu,1-414-708-6442,2021-03-27 06:48:31
STAFF0036517,Haskell Ryan,intermediate,4393 Lock side,North Dakota,Portland,New Zealand,638-507-8590,2022-04-15 01:20:34
STAFF0041711,Sabina Pfannerstill,entry,48908 Viaduct bury,Wyoming,Omaha,Central African Republic,1-950-196-1326,2020-05-04 12:41:41
STAFF0001523,Rebeca Kris,senior,4296 Row furt,Indiana,San Diego,Tunisia,904.501.7473,2023-04-24 21:35:06
STAFF0001080,Shanie Okuneva,entry,39949 East Flat burgh,Wyoming,Long Beach,Sweden,293-118-4612,2020-01-23 21:47:35
STAFF0061898,Ernie Feeney,intermediate,66796 Rapid fort,Delaware,Lubbock,Ireland,1-113-500-7276,2023-07-28 19:57:16
STAFF0022900,Laney Gislason,entry,14929 West Plains bury,Georgia,Lexington-Fayette,Ãland Islands,1-799-688-5689,2023-07-01 18:10:50
STAFF0006489,Verna Hegmann,senior,53228 Crossroad mouth,Pennsylvania,Scottsdale,Cayman Islands,1-445-103-7235,2022-09-11 00:35:12
STAFF0012885,Kacie Howell,senior,9972 Port ton,Pennsylvania,Milwaukee,Singapore,(157)880-7191,2020-05-25 18:02:55
STAFF0014191,Kane Klein,senior,6266 East Unions ton,California,Fresno,Iraq,518.397.1195,2020-04-26 16:08:41
STAFF0047539,Glenda Dare,entry,5081 East Locks bury,South Carolina,Scottsdale,Lao People's Democratic Republic,849.398.3203,2021-06-24 13:31:21
STAFF0037308,Geovanny Borer,entry,185 Lake Light burgh,Oregon,Plano,United Arab Emirates,485.441.0864,2022-12-24 03:08:34
STAFF0057493,Elza Will,entry,8880 Ferry bury,Wyoming,Winston-Salem,Bouvet Island,1-135-141-0754,2021-07-09 14:09:22
STAFF0013658,Lorna Kshlerin,intermediate,18446 New Mountains mouth,West Virginia,Reno,Cook Islands,875.798.3390,2022-01-12 12:36:18
STAFF0023277,Jazmin Kiehn,entry,63307 Lake Mills haven,Utah,Glendale,Georgia,132-458-0296,2022-09-04 11:41:24
STAFF0050199,Greta Ward,senior,51148 Gardens berg,Arizona,Santa Ana,Philippines,(298)422-3356,2023-11-22 02:54:05
STAFF0035797,Kirstin Cartwright,intermediate,16967 East Key ville,South Dakota,Winston-Salem,Mauritania,(825)505-3817,2020-04-02 04:00:48
STAFF0012737,Jaida Feeney,intermediate,56577 Lake Mission land,Massachusetts,Jacksonville,Jordan,1-540-874-0303,2020-08-26 10:41:19
STAFF0017774,Kaci Wolf,entry,976 South Cape bury,South Dakota,Seattle,France,1-517-837-9746,2022-02-02 16:39:40
STAFF0050381,Dean Mills,entry,12502 Mountains chester,Louisiana,Nashville-Davidson,Canada,466.395.6635,2020-10-28 00:06:30
STAFF0038123,Carlie Doyle,entry,263 East Trail side,South Carolina,Raleigh,Guyana,1-696-832-7457,2021-01-17 16:55:14
STAFF0061898,Delpha Goldner,senior,1509 Brooks land,Florida,Albuquerque,Sudan,1-169-793-0608,2021-01-04 17:00:28
STAFF0047963,Edna Schamberger,intermediate,37268 Port Field shire,Arizona,Charlotte,Marshall Islands,378.897.4582,2020-10-22 13:13:12
STAFF0010864,Leif Ferry,intermediate,589 South Views mouth,Virginia,Las Vegas,Kazakhstan,711.005.8501,2023-11-30 01:56:25
STAFF0006261,Edna Rolfson,senior,7454 East Mission chester,Mississippi,Columbus,Algeria,205-852-9629,2022-07-22 10:13:05
STAFF0028108,Cruz Jacobson,entry,65227 Tunnel mouth,North Carolina,Wichita,South Sudan,1-852-909-2225,2021-08-10 15:08:07
STAFF0054567,Floyd Hudson,entry,239 Points chester,Oklahoma,San Diego,Indonesia,378-297-4822,2023-11-22 10:16:17
STAFF0016453,Bulah Heller,senior,75909 Lake Shores shire,Mississippi,Madison,Malaysia,282-333-6287,2022-06-01 11:22:17
STAFF0046170,Tom Koch,entry,985 Cape chester,Oklahoma,Minneapolis,Mayotte,724.716.8434,2020-06-20 08:31:24
STAFF0054136,Elda Rogahn,entry,60676 Pine mouth,Wyoming,Louisville/Jefferson,Sri Lanka,1-140-557-9764,2023-08-24 07:18:50
STAFF0042963,Cleta Wilkinson,senior,7061 Mews stad,Tennessee,Phoenix,Mozambique,664.160.1923,2023-03-21 09:49:49
STAFF0020301,Natalia Ferry,entry,9151 Dam ton,North Carolina,New Orleans,Costa Rica,938-639-1953,2020-01-24 23:09:36
STAFF0049114,Alize Konopelski,entry,4078 Lake Drive mouth,Wisconsin,Detroit,Costa Rica,610.531.3725,2023-02-14 04:45:36
STAFF0041921,Mona Rodriguez,intermediate,743 Roads ville,Florida,St. Paul,Gibraltar,(931)710-5416,2020-05-14 01:57:13
STAFF0053753,Ben Durgan,senior,94419 Lake Extension berg,North Dakota,Boise,Congo,337-570-4047,2021-11-13 18:23:20
STAFF0049114,Colt Bashirian,senior,118 Lake Manor port,Alabama,Orlando,Sudan,1-837-910-7746,2022-12-13 16:22:39
STAFF0002583,Marianne Durgan,senior,81127 Manors town,Maryland,Garland,Mauritania,147.375.2020,2022-06-18 14:42:40
STAFF0053402,Lavinia Bauch,intermediate,345 North Plains side,Missouri,San Francisco,Libya,1-388-219-6595,2022-11-29 16:47:51
STAFF0051956,Billy Cruickshank,entry,89023 Drive mouth,Nevada,Orlando,Malaysia,567.833.4679,2021-02-04 02:17:25
STAFF0015020,Camylle Heaney,entry,210 Port Rest burgh,Iowa,Albuquerque,Andorra,203-080-0755,2020-08-18 13:39:24
STAFF0004450,Lemuel Hane,entry,78428 Port Harbor ton,New York,Long Beach,Christmas Island,809-559-2688,2021-07-29 13:07:52
STAFF0029803,Lonie Leuschke,entry,77604 East Terrace port,Alaska,St. Petersburg,Serbia,624-434-4129,2021-10-14 06:15:23
STAFF0020327,Jesse Satterfield,intermediate,20257 Mill town,Oklahoma,Winston-Salem,Niue,677.862.7135,2020-10-04 12:23:01
STAFF0063549,Merritt Weber,intermediate,67409 Islands mouth,Vermont,Corpus Christi,Denmark,743-871-3860,2020-12-08 00:40:19
STAFF0013351,Lavinia Botsford,entry,4199 Causeway haven,Indiana,El Paso,United States of America,166-253-0352,2023-04-29 15:11:02
STAFF0062305,Brannon Kutch,entry,27293 South Drives port,Texas,Orlando,United States of America,(628)922-5183,2023-01-15 10:51:19
STAFF0049420,Ahmad Hane,intermediate,72585 Lake Points town,Ohio,New Orleans,Samoa,632.749.6407,2020-02-23 10:55:14
STAFF0021439,Marianne Willms,intermediate,3534 Lake Plains berg,Utah,Winston-Salem,Faroe Islands,1-852-475-5228,2020-02-14 15:22:24
STAFF0040806,Alexane Dare,senior,6511 Port Knolls borough,Ohio,Virginia Beach,Israel,1-331-656-9195,2023-06-21 05:40:19
STAFF0053966,Karelle Lemke,senior,8635 Lake Coves town,Arkansas,Miami,North Macedonia,(939)150-7101,2023-10-20 08:16:09
STAFF0054567,Gustave Homenick,entry,84103 West Drive port,New York,Houston,Eswatini,632-294-3183,2022-09-26 09:57:36
STAFF0051220,Jabari Haley,entry,47714 North Courts chester,New Hampshire,Madison,Singapore,333.453.8339,2023-01-07 21:57:12
STAFF0062303,Omer Pfeffer,intermediate,318 South Ville bury,New Jersey,Detroit,United Arab Emirates,1-187-268-8527,2020-02-27 23:09:54
STAFF0020889,Adolfo Runte,entry,678 Shoals shire,North Carolina,Las Vegas,Costa Rica,(974)129-3246,2021-07-20 09:55:15
STAFF0059731,Andreanne Zieme,entry,8766 East Ville mouth,Missouri,Cleveland,Uruguay,559.453.1363,2020-04-20 02:26:40
STAFF0033982,Anissa Lowe,entry,919 Dale furt,Mississippi,Boise,Japan,355-348-1199,2020-10-08 00:02:42
STAFF0056752,Linnea Dietrich,entry,9330 Tunnel mouth,Oregon,Austin,Niue,(388)246-2334,2023-07-29 12:07:02
STAFF0052696,Elwyn Toy,intermediate,304 South Wells ville,Oklahoma,San Diego,Italy,(531)739-7479,2023-03-10 02:33:41
STAFF0007043,Valentine Gutmann,senior,87340 North Points shire,Pennsylvania,San Antonio,Holy See,953-596-1941,2023-10-07 04:47:21
STAFF0036517,Herman Macejkovic,entry,52632 East Trail haven,Nevada,St. Louis,Western Sahara,375.667.3511,2023-07-31 05:52:59
STAFF0035341,Gaston Dietrich,senior,40078 Plain bury,Missouri,Philadelphia,Uzbekistan,434.013.0423,2022-07-03 20:59:28
STAFF0040806,Hilda Sauer,entry,6245 Lake Villages haven,Montana,St. Paul,"Taiwan, Province of China",542.004.2623,2021-04-17 02:04:52
STAFF0051807,Mossie Farrell,intermediate,55266 Extension borough,Minnesota,Las Vegas,Tonga,151-660-7326,2021-02-11 16:48:41
STAFF0011035,Doris Corwin,entry,293 West Mountains haven,Delaware,Cleveland,San Marino,642-487-1406,2022-07-07 04:40:40
STAFF0015144,Vincenzo Hudson,senior,5145 Lake Summit ton,Montana,Oklahoma,Canada,(677)692-4158,2023-04-17 10:50:29
STAFF0020875,Seamus Buckridge,entry,11144 Landing mouth,Nebraska,Hialeah,Peru,950-780-9258,2022-07-10 16:01:01
STAFF0000360,Edna Keebler,entry,52633 South Freeway mouth,Pennsylvania,Albuquerque,Martinique,445.499.1194,2022-04-18 14:24:50
STAFF0017448,Lorenzo Macejkovic,entry,833 Cliff mouth,Michigan,San Diego,Gambia,926-190-7504,2020-12-01 02:55:41
STAFF0008738,Arely Kuhn,intermediate,859 Lake Shore ville,Nebraska,Dallas,Dominican Republic,536.619.4645,2023-09-28 00:31:26
STAFF0055933,Cleveland Medhurst,senior,17316 New River ton,North Carolina,Garland,Svalbard and Jan Mayen,(741)444-6891,2021-05-28 04:49:39
STAFF0038123,Maryse Wiza,intermediate,593 Estate ton,Nevada,Riverside,Cameroon,1-306-451-7411,2023-09-15 22:46:04
STAFF0043781,Destinee Friesen,entry,507 Wall furt,Colorado,Santa Ana,Tuvalu,236-179-0645,2020-11-17 17:20:44
STAFF0005269,Gordon Stracke,intermediate,3595 South Club stad,Virginia,Washington,Czechia,(756)115-7019,2022-03-15 02:23:00
STAFF0020207,Vincenza Osinski,entry,9713 South Wells bury,Alabama,Philadelphia,Madagascar,1-691-426-9637,2020-12-21 20:02:19
STAFF0035956,Aubree Torphy,intermediate,4553 New Islands town,California,Garland,Sao Tome and Principe,1-617-925-2160,2023-02-23 22:02:54
STAFF0007231,Russell Harris,intermediate,4504 South Mission mouth,Illinois,Indianapolis,Tonga,277-566-8154,2020-12-13 17:02:06
STAFF0004954,Rodrigo Schneider,senior,9095 Plaza borough,Tennessee,Tampa,Guatemala,773-914-1039,2020-02-16 22:43:46
STAFF0014842,America Gerhold,intermediate,78774 New Crest shire,Utah,San Bernardino,Finland,(325)598-5463,2020-12-30 04:02:59
STAFF0037955,Duncan Leannon,senior,83149 North Dale chester,Pennsylvania,Chesapeake,Serbia,671.954.2365,2020-11-20 00:45:16
STAFF0032104,Gwen Larson,entry,6479 West Groves mouth,West Virginia,Greensboro,New Caledonia,219-216-9184,2020-12-21 01:38:38
STAFF0048755,Cleora Funk,intermediate,54344 Brooks stad,North Dakota,Miami,Tuvalu,917-706-7400,2020-06-11 17:03:30
STAFF0001115,Jazmyne Auer,intermediate,70474 Roads haven,West Virginia,Fort Worth,Northern Mariana Islands,1-488-550-4348,2023-06-20 01:43:21
STAFF0001080,Corine Cremin,senior,383 Hills berg,South Dakota,Henderson,Slovenia,572-814-6405,2021-02-27 15:25:20
STAFF0018258,Herta Muller,entry,6123 Crossing shire,Virginia,Dallas,Andorra,1-748-301-9623,2023-03-02 14:19:11
STAFF0006261,Marcella Harris,entry,6439 New Skyway shire,Kansas,Los Angeles,Switzerland,791-914-3838,2022-12-24 12:26:20
STAFF0044260,Fredrick Blick,entry,56987 Mills berg,Missouri,Baton Rouge,Slovenia,1-635-528-8998,2020-05-17 02:53:14
STAFF0018352,Favian Pfeffer,entry,232 Loop furt,New Hampshire,Irvine,Costa Rica,(583)413-2635,2022-08-27 00:59:08
STAFF0055200,Berneice Stracke,intermediate,987 Squares burgh,Alaska,Birmingham,Switzerland,553-673-9860,2020-07-24 01:41:47
STAFF0051719,Delilah Kling,intermediate,862 West Shores furt,Nebraska,Arlington,Suriname,(536)330-4992,2020-01-20 13:17:43
STAFF0064109,Kirk Barrows,entry,17238 North Vista mouth,Minnesota,Greensboro,Japan,834.545.4951,2021-10-22 02:31:20
STAFF0043404,Emerson Bernier,senior,711 Port Walks furt,Wyoming,Aurora,Honduras,1-158-936-2253,2023-08-25 21:38:58
STAFF0030807,Emory Wolff,entry,996 Mews shire,New Hampshire,Chandler,Iceland,807-920-3971,2023-01-01 02:40:17
STAFF0041921,Modesto Wiza,entry,2075 Road land,Washington,Oklahoma,Malta,1-527-707-8448,2020-10-17 13:32:32
STAFF0064953,Clementina Batz,entry,6911 North Highway shire,Indiana,New York City,Togo,748.541.9717,2021-03-24 13:53:11
STAFF0053966,Marjory Walker,entry,286 Bridge land,Idaho,Jacksonville,Ethiopia,1-970-782-0661,2021-11-11 17:13:36
STAFF0000896,Wayne Kunde,entry,81784 Courts furt,Kansas,Kansas,India,1-941-784-2476,2022-07-24 23:18:29
STAFF0012151,Linda Powlowski,senior,6415 East Road ton,New Mexico,Irving,Ethiopia,(050)258-4499,2021-08-19 06:51:03
STAFF0046170,Antwon Hegmann,entry,4110 Stream mouth,Kentucky,Los Angeles,Tunisia,(245)413-7680,2020-11-01 18:37:50
STAFF0056752,Duane Reichel,intermediate,5847 West Village port,Ohio,Dallas,Libya,(268)914-8322,2020-02-21 03:44:34
STAFF0045411,Novella Kris,entry,69361 Port Center chester,Illinois,Pittsburgh,Saint Lucia,1-148-555-9287,2022-02-04 14:09:51
STAFF0044586,Cedrick Windler,intermediate,380 Spurs ville,Rhode Island,St. Paul,Fiji,880-763-7842,2020-06-25 11:26:32
STAFF0024396,Gisselle Wunsch,intermediate,685 North Forest port,California,Mesa,United States of America,1-919-316-4736,2023-06-20 10:54:55
STAFF0062305,Weston Kuhn,intermediate,492 East Cliffs land,Missouri,Pittsburgh,Monaco,(601)538-6099,2023-08-21 03:33:34
STAFF0024686,Houston Koss,entry,1320 Fort berg,Louisiana,Baltimore,Bahrain,1-604-875-0899,2022-07-05 17:03:55
STAFF0011035,Cielo Shields,intermediate,6530 New Loop mouth,Florida,Colorado Springs,Saint BarthÃ©lemy,499-428-7402,2022-10-10 17:08:39
STAFF0047539,Elissa Dietrich,entry,7257 Fall furt,Arkansas,Albuquerque,Kyrgyzstan,(976)734-4785,2022-10-30 20:24:30
STAFF0060601,Yasmine Carroll,senior,33490 East Roads burgh,West Virginia,Durham,Switzerland,703.156.3521,2021-02-08 00:22:02
STAFF0036303,Daisy Lueilwitz,entry,123 Green furt,New Mexico,Phoenix,Bermuda,1-856-643-6552,2022-01-10 22:03:58
STAFF0049628,Amani Schinner,senior,36099 New Gateway borough,California,Portland,Switzerland,(948)029-7652,2021-01-15 00:35:20
STAFF0045349,Briana Buckridge,intermediate,26962 Squares side,New Jersey,Toledo,Svalbard and Jan Mayen,1-248-487-8827,2023-11-15 08:27:34
STAFF0058762,Zachary Grimes,intermediate,86604 South Circle shire,Iowa,Aurora,Saudi Arabia,846-887-3994,2022-12-31 11:07:36
STAFF0004691,Athena Hackett,senior,902 Brook ville,North Carolina,Lexington-Fayette,Panama,494.663.8447,2020-03-06 12:02:30
STAFF0037538,Maritza Crona,senior,270 Throughway furt,Washington,Baltimore,Gibraltar,932-664-7020,2022-11-13 15:54:55
STAFF0016621,Theresia Casper,entry,54915 West Bridge town,Texas,Kansas,Western Sahara,341-035-1406,2021-03-11 12:02:22
STAFF0050540,Gunnar Little,intermediate,68653 Lake Wells view,Rhode Island,Albuquerque,Saint Kitts and Nevis,1-732-739-5345,2021-06-10 11:08:33
STAFF0061400,Verda Conn,entry,447 Tunnel burgh,Louisiana,Aurora,Mozambique,(003)104-6567,2020-12-10 11:53:18
STAFF0049204,Caesar Bartell,intermediate,982 South Ridge bury,Indiana,San Antonio,Marshall Islands,(720)513-4472,2022-09-20 06:40:22
STAFF0049934,Gayle Labadie,entry,9175 New Alley burgh,Oregon,St. Louis,Belgium,1-503-695-9269,2021-11-20 20:04:14
STAFF0001523,Queenie Strosin,entry,584 Green furt,West Virginia,Reno,Fiji,(292)926-6453,2021-06-17 13:37:11
STAFF0044260,Karley Gottlieb,senior,884 Way berg,Wisconsin,Jacksonville,Monaco,527-977-9077,2020-02-19 15:00:14
STAFF0044417,Audie Wuckert,senior,833 Summit berg,Indiana,Atlanta,Austria,(086)818-9927,2021-02-20 04:05:47
STAFF0045411,Randal Hamill,entry,917 Crossroad haven,Wyoming,Glendale,Mongolia,948-342-2686,2020-09-13 22:46:40
STAFF0064953,Kamron OReilly,entry,5387 Camp mouth,Kansas,Long Beach,Montserrat,1-466-434-3217,2022-07-15 21:13:17
STAFF0031217,Lorna Baumbach,intermediate,7952 North Mount side,North Dakota,Lubbock,Zambia,188.173.3058,2022-04-09 22:41:07
STAFF0040832,Herman Williamson,intermediate,82918 Port Mission fort,Mississippi,Las Vegas,Libya,407.884.2950,2022-03-04 10:02:07
STAFF0049628,Simeon Cole,intermediate,141 Turnpike view,New York,Arlington,Russian Federation,744-625-4674,2021-04-15 22:34:32
STAFF0043917,Maya Lynch,entry,572 Lake Parks bury,Oregon,Tucson,Cayman Islands,401-164-7336,2023-06-13 14:36:56
STAFF0010864,Ansley Walker,intermediate,32189 Falls berg,Vermont,Honolulu,Guyana,1-534-320-0078,2020-11-29 19:15:23
STAFF0043935,Domingo Torp,senior,549 Mission borough,Hawaii,Wichita,Libya,1-072-780-3582,2021-12-09 20:38:46
STAFF0010753,Arnulfo Thompson,entry,869 West Villages port,Idaho,Winston-Salem,Bahamas,725-964-3834,2021-10-02 18:15:39
STAFF0024623,Colten Hahn,senior,3388 East Radial bury,Florida,Minneapolis,Syrian Arab Republic,508.789.8881,2021-11-25 19:24:34
STAFF0000790,Gust Cremin,intermediate,39454 West Track haven,Vermont,San Antonio,Oman,1-878-877-2908,2023-01-26 09:33:32
STAFF0065103,Arvilla Kuhlman,entry,78514 Shore bury,Hawaii,San Diego,Cyprus,(290)645-8255,2023-07-06 08:17:37
STAFF0018268,Thomas Windler,senior,52297 Port Place ville,Oregon,Milwaukee,Mali,450.789.9050,2022-04-05 17:22:13
STAFF0021439,Theron Lueilwitz,entry,979 Passage furt,Washington,Reno,Philippines,(828)726-8867,2022-11-06 03:30:15
STAFF0024461,Kirstin Bailey,entry,8483 Lake Terrace land,Kansas,El Paso,Palau,679.453.1959,2021-03-03 04:02:42
STAFF0052611,Justus Paucek,entry,50414 East Throughway borough,Nebraska,Cleveland,Oman,1-905-143-0448,2022-12-16 05:44:16
STAFF0057978,Mozelle Abernathy,intermediate,880 West Port ville,Missouri,Birmingham,Bahrain,148.099.6539,2020-11-19 04:39:08
STAFF0059877,Priscilla Ferry,senior,93736 West Station fort,New York,Albuquerque,Mauritius,571.718.5949,2021-03-21 00:38:52
STAFF0030668,Reyes Quitzon,intermediate,421 Island view,South Carolina,Baton Rouge,Sao Tome and Principe,971-760-1572,2021-06-21 22:23:39
STAFF0051220,Miles Stoltenberg,entry,8457 Port Stravenue ton,Massachusetts,Orlando,Italy,(410)088-9399,2021-11-18 15:32:29
STAFF0001686,Devon Terry,senior,92643 Fields haven,Wisconsin,Atlanta,Bahrain,(844)373-3850,2021-11-14 00:25:09
STAFF0054136,William Monahan,intermediate,62202 Stravenue mouth,Louisiana,Fresno,Cabo Verde,429.271.0746,2021-08-14 17:41:24
STAFF0043252,Jeromy Schmitt,entry,3751 North Expressway side,Utah,Detroit,Chile,1-424-007-3097,2021-08-03 08:05:49
STAFF0029803,Jaylan Rolfson,entry,40589 South Mission mouth,Mississippi,Mesa,Trinidad and Tobago,(982)864-6590,2020-10-30 17:28:36
STAFF0042482,Malvina Jewess,senior,85523 West Circle furt,Texas,Anaheim,French Polynesia,1-395-673-2529,2023-02-10 10:25:10
STAFF0001686,Dominic Eichmann,intermediate,2632 Rest haven,West Virginia,Oakland,British Indian Ocean Territory,214-186-6930,2023-09-04 04:51:35
STAFF0024867,Elyssa Schuster,intermediate,217 North Mill ton,Wyoming,Laredo,Marshall Islands,1-016-697-7558,2023-06-09 00:43:13
STAFF0043957,Merle Brekke,entry,7112 Port Ford borough,Florida,St. Louis,Lithuania,779-296-3359,2020-11-13 01:36:26
STAFF0013351,Josiane Hudson,entry,504 Springs mouth,Arizona,Las Vegas,Antarctica,1-449-806-2697,2022-09-02 09:35:46
STAFF0012737,Hilda Wunsch,entry,54811 Trail mouth,Connecticut,Phoenix,Jersey,(693)544-6227,2021-03-07 08:54:30
STAFF0012917,Carey Gusikowski,entry,83952 Lake Creek berg,Colorado,Baltimore,Finland,(878)685-7260,2020-05-10 15:21:24
STAFF0052091,Dorian Bode,entry,9417 East Causeway furt,Vermont,Oakland,Somalia,708.579.1770,2022-10-05 14:13:01
STAFF0024461,Walker Orn,intermediate,93033 Ranch mouth,Louisiana,North Las Vegas,Belarus,227.292.1484,2021-09-17 00:12:49
STAFF0015033,Kenya Wuckert,senior,92113 Trail town,Texas,Tulsa,Djibouti,807-757-5676,2022-08-03 20:17:44
STAFF0049145,Adrianna Larkin,entry,184 New Lights mouth,Wisconsin,Colorado Springs,Portugal,1-581-965-2873,2020-05-16 17:20:19
STAFF0028108,Melany Lowe,entry,70199 Port Burg stad,Colorado,Albuquerque,Ukraine,624-378-8938,2022-02-05 02:48:39
STAFF0032709,Glenda Kris,entry,3901 Overpass land,New Hampshire,Louisville/Jefferson,Uzbekistan,1-265-223-8446,2021-01-25 22:36:08
STAFF0027292,Simone Gutkowski,entry,8267 East Gateway view,Arkansas,Baton Rouge,Estonia,263-217-4447,2021-08-23 21:13:56
STAFF0034803,Darrel Quitzon,senior,9386 Greens fort,Montana,Toledo,Central African Republic,1-153-503-7932,2021-07-12 02:28:14
STAFF0026076,Willow Farrell,entry,7340 Street furt,Washington,Tulsa,Papua New Guinea,(697)765-6873,2020-02-22 23:39:50
STAFF0059864,Keshawn Orn,intermediate,946 Port Manor ton,Montana,North Las Vegas,Serbia,718.904.0264,2020-03-10 19:48:20
STAFF0052027,Gunnar Schmitt,entry,815 Manors bury,Hawaii,Lincoln,Virgin Islands (U.S.),306.465.9416,2022-02-09 11:26:40
STAFF0002107,Garrett Sporer,senior,5560 Lake Mount chester,Vermont,Omaha,Virgin Islands (U.S.),1-264-079-1650,2020-07-21 02:44:34
STAFF0030594,Alfred Jones,entry,21157 Cape haven,Arizona,Stockton,Belize,787.766.8922,2022-07-02 12:21:47
STAFF0048755,Hilma Buckridge,intermediate,77934 Lake Mews land,Indiana,Baltimore,Armenia,1-655-281-8199,2021-06-12 09:25:35
STAFF0053753,Phoebe Bahringer,intermediate,53246 Drives port,Maine,Chandler,Nigeria,(575)021-2159,2021-11-09 10:58:03
STAFF0061657,Lavon DuBuque,entry,775 Island borough,Vermont,Aurora,French Guiana,153-732-9261,2020-01-06 06:58:11
STAFF0014191,Cleveland Harvey,senior,356 Lake Extension ton,California,Tucson,Montserrat,388.317.6135,2020-09-11 10:38:14
STAFF0009048,Oswald Leuschke,senior,5109 Pass ville,North Dakota,Chula Vista,Namibia,909.232.3415,2022-07-05 06:47:24
STAFF0000746,Retha Kuhlman,entry,6120 Port Turnpike stad,Oregon,Miami,Botswana,561.607.6647,2021-08-08 23:11:06
STAFF0032161,Colby Beahan,entry,2061 North Meadow ville,Oklahoma,Winston-Salem,Belarus,930.345.6542,2020-07-11 02:03:51
STAFF0040274,Toni Rath,entry,943 Trail fort,Virginia,Stockton,Mongolia,595-283-9822,2023-05-26 21:26:25
STAFF0021128,Emelia Williamson,entry,71683 Lake Hill mouth,Arkansas,Birmingham,Turkey,553-514-8336,2021-12-04 03:01:22
STAFF0047668,Earline Powlowski,entry,56732 Drive shire,Arkansas,Aurora,Georgia,670.279.5207,2021-10-29 23:51:06
STAFF0041661,Coby Zieme,senior,9726 Mission berg,Wyoming,Wichita,Spain,1-941-602-2990,2023-08-14 16:18:21
STAFF0044586,Ora Bins,intermediate,530 Glen mouth,South Carolina,Hialeah,Mali,960-999-5501,2021-09-15 07:28:03
STAFF0042190,Justice Boehm,intermediate,158 North Fork town,New Jersey,Miami,Saint Martin (French part),904-985-2398,2022-05-23 05:36:54
STAFF0037670,Ora Champlin,entry,53650 Shores furt,North Carolina,Baton Rouge,Isle of Man,879.447.2124,2020-04-01 18:20:21
STAFF0047668,Santa Rolfson,intermediate,87991 East Prairie mouth,Connecticut,Portland,Suriname,1-473-106-2611,2023-06-29 02:53:32
STAFF0002107,Janick Lakin,intermediate,86429 Village stad,Massachusetts,Scottsdale,Saint BarthÃ©lemy,(891)815-9462,2022-11-05 22:48:04
STAFF0037308,Anika Streich,entry,9872 Land ville,Georgia,Fort Wayne,French Polynesia,(360)380-3223,2023-02-10 10:15:57
STAFF0043957,Alphonso Metz,entry,29766 Drive view,Arizona,Nashville-Davidson,"Taiwan, Province of China",482.392.0291,2020-05-27 01:57:58
STAFF0007231,Jodie Hyatt,entry,591 Knoll mouth,Tennessee,San Antonio,Switzerland,1-253-065-0808,2023-03-25 00:05:56
STAFF0012885,Mohammed Lesch,entry,84327 Cape chester,Indiana,Nashville-Davidson,Luxembourg,373.287.3791,2020-06-15 15:07:23
STAFF0045349,Shania Koss,senior,99791 East Green fort,Michigan,Nashville-Davidson,French Guiana,1-958-018-2202,2022-07-30 08:15:07
STAFF0005085,Marjorie Koch,entry,1414 Underpass chester,South Dakota,New York City,Bahamas,634-884-2543,2020-06-19 10:34:17
STAFF0049206,Emie Gutmann,senior,59806 Islands land,Wisconsin,Corpus Christi,Nicaragua,858-760-3086,2022-05-20 02:13:15
STAFF0018577,Kaylee Schultz,intermediate,4996 Mission town,Kentucky,Anaheim,Canada,1-307-127-5768,2023-10-19 20:40:33
STAFF0007043,Reyes Feeney,entry,324 Lake Shore view,Missouri,Santa Ana,Niger,(736)152-6744,2022-05-26 22:43:26
STAFF0028036,Brendon Leffler,entry,9137 Port Creek burgh,South Dakota,Buffalo,Bahamas,342.944.0461,2021-09-13 09:44:17
STAFF0051807,Trinity Denesik,intermediate,8555 Trail view,Tennessee,Atlanta,Central African Republic,617-092-7322,2022-04-15 02:50:01
STAFF0055933,Kurt Orn,senior,739 Lake Crossroad berg,Florida,Jacksonville,Armenia,1-604-691-8744,2020-11-08 21:37:27
STAFF0005884,Vena Koelpin,intermediate,299 Turnpike furt,Oregon,Boise,Solomon Islands,397.207.4933,2022-08-12 23:08:47
STAFF0015749,Jaunita Keeling,entry,46506 Keys bury,Ohio,Chesapeake,Heard Island and McDonald Islands,(485)606-6795,2021-04-18 22:11:23
STAFF0014238,Kathryn Stehr,intermediate,679 Roads view,Tennessee,Arlington,Honduras,(167)192-3889,2021-05-07 10:53:55
STAFF0043714,Brigitte Stokes,entry,52968 East Union view,Michigan,Baton Rouge,CuraÃ§ao,1-885-695-1212,2020-02-23 01:00:16
STAFF0007421,Francesca Ernser,intermediate,1384 West Station mouth,Indiana,Memphis,Gibraltar,744.092.5308,2022-08-05 22:42:29
STAFF0023277,Dustin Cremin,entry,23345 West Fall side,Georgia,Baton Rouge,Ãland Islands,129.395.6057,2022-10-06 06:45:59
STAFF0012151,Zachary Kuvalis,intermediate,3058 East Club land,Maryland,Miami,Singapore,(278)411-9094,2022-11-19 20:51:25
STAFF0000450,Shirley Lakin,entry,288 Courts mouth,Delaware,Kansas,Nigeria,1-690-900-1899,2023-04-24 23:16:58
STAFF0045445,Kaley Braun,intermediate,49736 Drives town,Maine,Anaheim,Sint Maarten (Dutch part),(438)676-7549,2022-03-10 23:53:39
STAFF0016653,Terrell Hyatt,entry,6010 West Cliffs mouth,Connecticut,Memphis,United States of America,136-812-1217,2020-10-23 02:20:34
STAFF0030594,Schuyler Sporer,intermediate,84357 Crossing chester,California,Lincoln,Cabo Verde,(908)123-0156,2021-01-11 10:30:31
STAFF0040832,Malika Boyer,entry,8147 Passage ton,Minnesota,Colorado Springs,Saint Kitts and Nevis,159.347.4494,2022-12-18 17:06:51
STAFF0000790,Rollin Glover,entry,717 Flat ton,West Virginia,Detroit,Lesotho,875-839-5872,2022-02-19 18:43:32
STAFF0041946,Timmothy Frami,entry,766 Alley side,Kentucky,Raleigh,Viet Nam,923.683.8734,2021-10-04 09:24:40
STAFF0014238,Deven Langosh,entry,375 Parkway view,Michigan,Durham,Romania,606-733-3024,2023-05-13 15:02:06
STAFF0030668,Alda Reinger,entry,84187 New Circles ville,Alaska,New Orleans,Iceland,368-851-5225,2022-04-04 10:40:22
STAFF0032449,Cynthia Pfannerstill,intermediate,184 Wall fort,Iowa,Jacksonville,Latvia,363-444-4461,2022-09-01 11:22:43
STAFF0027292,Deshaun Carroll,intermediate,695 Heights fort,Vermont,San Antonio,Virgin Islands (U.S.),512.907.5756,2021-02-02 07:28:55
STAFF0041661,Giles Haley,entry,32542 Port Divide ton,Wisconsin,Baton Rouge,Montenegro,234.079.1629,2021-05-23 08:06:39
STAFF0021164,Riley Schowalter,entry,386 Hill bury,Alaska,San Francisco,Heard Island and McDonald Islands,(175)227-7947,2021-08-05 00:55:58
STAFF0032104,Rafaela Anderson,entry,8145 West Lock borough,Ohio,Los Angeles,Spain,682.564.3680,2023-08-02 07:25:20
STAFF0021398,Werner Williamson,entry,5133 Square ville,Indiana,El Paso,Papua New Guinea,636-390-1567,2020-08-28 16:15:01
STAFF0059877,Ford Lindgren,entry,2647 Lake Keys furt,Washington,Denver,French Polynesia,740-920-9950,2021-12-31 14:30:07
STAFF0043404,Zachary Strosin,entry,74479 Manors fort,North Dakota,Lincoln,Lao People's Democratic Republic,652.877.8649,2020-11-30 04:10:03
STAFF0050540,Pink Kemmer,entry,184 North Wall haven,North Carolina,Boston,Zambia,(725)207-8767,2022-05-21 07:57:36
STAFF0018258,Lillie Towne,intermediate,378 Lake Inlet ville,Florida,Miami,Guyana,(001)598-9414,2023-01-09 03:48:38
STAFF0036303,Kristoffer Schulist,entry,2211 Port Fork side,Pennsylvania,San Jose,Peru,(927)707-9398,2020-10-06 19:15:14
STAFF0017774,Arnaldo Cronin,entry,1708 West Roads mouth,Nebraska,Tucson,Hong Kong,969.316.4454,2021-09-21 23:45:31
STAFF0053734,Maxine Ondricka,intermediate,851 North Ramp port,Utah,Denver,Antarctica,1-798-437-4468,2022-09-13 03:41:31
STAFF0035744,Trevor Mayer,senior,4410 Island stad,Oregon,North Las Vegas,Rwanda,494.221.0390,2021-12-07 18:21:20
STAFF0010753,Scarlett Harris,intermediate,96987 New Ridge mouth,Missouri,Irvine,Guatemala,(557)767-1430,2021-07-10 03:32:13
STAFF0043252,Milton Frami,entry,54319 Expressway burgh,Washington,Jersey,Tuvalu,100.814.1459,2023-02-10 22:42:06
STAFF0064109,Kyle Wisozk,intermediate,82632 Lake Centers port,Colorado,Baton Rouge,Serbia,728-819-0694,2023-09-28 20:39:06
STAFF0024867,Meaghan Crist,entry,88180 Keys mouth,New Mexico,Jacksonville,Cambodia,194-471-3158,2021-04-17 21:15:21
STAFF0009333,Stanley Jerde,intermediate,473 Points fort,Rhode Island,Jersey,New Zealand,877-031-9333,2021-09-04 08:57:00
STAFF0013658,Jamison Schowalter,intermediate,167 East Greens view,Idaho,Tucson,"Palestine, State of",349.286.4257,2023-10-10 04:01:28
STAFF0059094,Kyleigh Quitzon,senior,64986 Flats ville,Oklahoma,Baltimore,Gambia,1-313-506-3848,2020-05-27 02:09:26
STAFF0051767,Garett Thiel,entry,73914 River fort,North Carolina,Jersey,Congo,493-877-4724,2022-09-22 14:25:22
STAFF0000360,Abbey Strosin,senior,310 Union chester,Kansas,St. Louis,Kuwait,(574)411-8925,2022-06-19 21:04:05
STAFF0012917,Lauretta Walsh,senior,480 South Park chester,Delaware,Oklahoma,Mongolia,562-905-9126,2022-08-10 01:22:53
STAFF0063549,Asia Romaguera,senior,5168 South Roads borough,Pennsylvania,Jacksonville,Bermuda,(720)633-8704,2020-05-10 11:26:42
STAFF0001115,Israel Beatty,intermediate,28199 West Gardens ton,Utah,Mesa,Poland,1-140-483-2657,2020-06-17 11:03:34
STAFF0049934,Sydney Donnelly,senior,568 North Plain ville,Rhode Island,Columbus,Uganda,(585)088-9685,2021-07-29 02:55:52
STAFF0062310,Lavada Erdman,entry,28209 South Hills stad,Arizona,Bakersfield,Timor-Leste,110-493-1571,2023-09-12 17:10:49
STAFF0021128,Abdiel Orn,entry,5411 Mountain town,Texas,Fort Wayne,RÃ©union,659.614.4045,2020-08-13 05:04:30
STAFF0014628,Stuart Keeling,intermediate,636 South Mews bury,Delaware,Cincinnati,Lao People's Democratic Republic,585.470.0208,2023-01-31 05:34:10
STAFF0035956,Mortimer Mills,entry,31309 Port Harbor berg,Mississippi,San Jose,Iran (Islamic Republic of),982.192.8746,2020-05-03 12:35:51
STAFF0015144,Vickie Windler,entry,18710 Lake Estate view,Maine,San Antonio,Germany,529-117-3641,2023-11-26 01:52:53
STAFF0052611,Dallas Mann,entry,336 Shoals berg,Rhode Island,Fresno,Falkland Islands (Malvinas),(156)148-9506,2023-01-25 06:57:37
STAFF0043917,Ulices Jones,senior,3653 East Ville town,California,Detroit,Nepal,826-164-2937,2022-11-19 11:04:29
STAFF0006489,Louvenia Wiza,intermediate,329 Greens furt,Alaska,Scottsdale,Chad,890.659.8062,2020-06-23 00:22:31
STAFF0042190,Ashlynn Rowe,senior,8726 North Crescent land,Louisiana,Indianapolis,Venezuela (Bolivarian Republic of),(821)974-2540,2023-06-06 10:24:52
STAFF0037018,Horacio Homenick,entry,84323 Fork furt,Wyoming,Aurora,Egypt,179-915-0695,2020-04-11 06:51:15
STAFF0009333,Carlee Legros,senior,45735 Port Green town,Louisiana,Irvine,Saint BarthÃ©lemy,(353)938-9651,2022-12-09 00:32:16
STAFF0053402,Aileen Schmidt,intermediate,34206 Isle mouth,Montana,Winston-Salem,Qatar,1-764-960-6455,2022-12-27 14:14:38
STAFF0052027,Lindsey Crooks,senior,97299 North Plains land,Michigan,Indianapolis,Sierra Leone,435-706-4916,2022-03-07 15:03:43
STAFF0037955,Ryleigh Ebert,intermediate,184 Lake Square port,Missouri,St. Louis,Viet Nam,1-053-053-5338,2022-02-12 21:48:06
STAFF0004691,Enrique Hills,intermediate,63174 New Light shire,Iowa,St. Petersburg,Sint Maarten (Dutch part),333.769.3951,2022-12-15 05:55:01
STAFF0045445,Tom Brown,senior,3455 East River stad,Virginia,Fresno,Belgium,(283)277-1965,2021-09-06 04:14:53
STAFF0024396,Euna Hudson,senior,44571 East Crossing view,Wisconsin,Bakersfield,Western Sahara,233.341.8232,2023-04-26 19:08:25
STAFF0028036,Melyna Abbott,entry,60636 East Tunnel mouth,Wisconsin,Kansas,Guinea,1-194-284-1763,2023-09-07 05:46:54
STAFF0016653,Adalberto Rowe,entry,772 West Ridge haven,Colorado,Baltimore,Somalia,131-271-2792,2021-06-17 22:01:57
STAFF0009759,Hank Daniel,entry,6311 Square borough,Delaware,Chicago,Zambia,446-976-4159,2022-06-05 20:56:51
STAFF0050194,Brown Dickinson,entry,610 Bridge stad,Vermont,Tampa,Lithuania,1-499-484-9844,2021-03-14 00:11:01
STAFF0012354,Dawn Steuber,entry,63827 Track ville,Minnesota,Honolulu,Lao People's Democratic Republic,(040)355-1703,2021-11-25 09:35:55
STAFF0059864,Jayda Lynch,entry,7695 New Unions mouth,Illinois,Boise,Marshall Islands,1-277-498-7638,2022-11-11 20:08:21
STAFF0043092,Julianne Friesen,entry,327 Common borough,Alaska,Newark,Cyprus,1-510-831-9479,2023-01-20 00:39:13
STAFF0027186,Arnulfo Auer,entry,204 Club side,Nevada,Colorado Springs,Honduras,1-668-061-1820,2021-12-23 08:15:51
STAFF0050199,Holden Gerhold,entry,510 East Rapid mouth,Florida,Columbus,Lao People's Democratic Republic,342.191.1790,2021-03-16 01:27:54
STAFF0043092,Maiya Daugherty,entry,66066 Lake Ford burgh,Delaware,Wichita,Kenya,670.115.9382,2020-03-17 12:26:18
STAFF0032709,Haylee Wiegand,senior,746 Port Glens port,Oregon,Birmingham,North Macedonia,328-874-2078,2023-07-31 22:15:28
STAFF0032161,Vickie Bradtke,entry,13463 Mount ville,Wisconsin,Honolulu,Svalbard and Jan Mayen,(271)992-0214,2021-09-29 21:35:38
STAFF0047983,Lily Johnston,entry,27204 Well berg,New Mexico,Henderson,Barbados,859.531.4416,2021-02-09 21:39:45
STAFF0012342,Mitchel Cremin,senior,8151 Lake Landing town,Louisiana,Chandler,Tokelau,(608)415-3884,2020-01-17 18:52:20
STAFF0059821,Eleonore DuBuque,entry,9116 New Motorway chester,Indiana,Nashville-Davidson,Macao,(193)229-2266,2020-06-22 04:53:03
STAFF0015020,Kali Erdman,intermediate,628 Place ville,California,Detroit,Australia,1-701-015-0619,2023-01-29 08:51:22
STAFF0058762,Ezra McLaughlin,entry,80088 South Mountain town,Pennsylvania,Charlotte,France,1-677-298-6672,2022-02-10 20:40:18
STAFF0012342,Stephen Pagac,senior,354 Mission stad,New Jersey,Tulsa,Mozambique,357.987.5333,2023-04-10 10:54:06
STAFF0035341,Rachelle Kling,entry,304 Locks mouth,Alaska,Arlington,Saint Pierre and Miquelon,(698)147-4743,2022-08-20 22:39:51
STAFF0010254,Carlee Orn,intermediate,3664 Lake Camp view,Texas,Fort Worth,American Samoa,315.739.9515,2023-07-04 08:16:31
STAFF0028526,Rory Ernser,senior,4651 South Point chester,Missouri,Orlando,Malta,1-860-086-7799,2020-01-27 07:26:34
STAFF0035797,Shanelle Considine,entry,13816 Port Greens mouth,Nevada,Pittsburgh,Seychelles,230-546-9449,2023-10-25 13:09:10
STAFF0060472,Demetris Kulas,senior,4197 North View mouth,Maine,Fremont,Cabo Verde,240-641-5208,2023-04-27 03:31:17
STAFF0043781,Emmalee Labadie,intermediate,5222 Mews town,Ohio,Long Beach,Iran (Islamic Republic of),(508)106-5007,2023-01-03 02:48:58
STAFF0020327,Mireya Gutkowski,entry,88351 Turnpike land,Minnesota,Nashville-Davidson,Finland,(913)645-5116,2023-11-25 06:06:50
STAFF0013193,Guadalupe Raynor,entry,710 East Squares land,Georgia,Portland,Christmas Island,1-372-439-2156,2023-11-01 20:15:29
STAFF0064150,Keon Armstrong,senior,89359 West Orchard haven,Texas,Riverside,Yemen,1-010-750-3581,2023-02-13 21:13:01
STAFF0061400,Lionel Jenkins,entry,381 Lake Highway town,Idaho,Indianapolis,Marshall Islands,295.992.9194,2023-09-26 17:16:24
STAFF0060472,Charlotte Wyman,intermediate,25513 North Stream land,New Hampshire,St. Petersburg,Equatorial Guinea,590-285-5060,2021-06-04 02:48:08
STAFF0002583,Harry Kiehn,entry,708 North Stream stad,South Carolina,Chesapeake,Mauritania,(904)099-6993,2021-08-07 07:15:01
STAFF0052696,Shawna Friesen,entry,46979 Club shire,New York,Nashville-Davidson,Tonga,1-382-115-5685,2023-07-09 06:04:32
STAFF0018356,Judd Kovacek,entry,7298 South Heights mouth,Delaware,Albuquerque,Saint Pierre and Miquelon,(380)857-4074,2023-08-08 10:10:21
STAFF0031217,Johnathan Konopelski,intermediate,562 Islands burgh,Rhode Island,San Bernardino,El Salvador,(035)629-8010,2021-07-30 09:51:29
STAFF0014842,Lydia Wilderman,intermediate,29356 Track town,Indiana,Plano,Guinea,152-017-3620,2021-11-21 18:25:02
STAFF0020207,Joe Rohan,entry,2997 Centers haven,Vermont,Baton Rouge,Lesotho,466.563.7761,2021-10-31 12:31:10
STAFF0060366,Mervin Friesen,entry,6066 Parkways berg,Florida,Anaheim,Morocco,1-855-929-5858,2020-09-02 20:35:31
STAFF0052203,Ellis Skiles,intermediate,90120 West Knolls haven,Alaska,Minneapolis,Armenia,1-772-069-1445,2020-04-01 07:31:42
STAFF0049206,Camille Effertz,intermediate,219 Rapids burgh,Rhode Island,Greensboro,CuraÃ§ao,(837)043-8196,2020-08-29 10:20:21
STAFF0009048,Stephanie Murazik,entry,31720 New View borough,Illinois,Chicago,Bulgaria,120.688.5148,2020-01-09 18:58:51
STAFF0047963,Benny Doyle,entry,58582 Harbors town,South Dakota,Lincoln,Ghana,760.149.2384,2022-06-28 16:45:17
STAFF0042963,Dorcas Beatty,intermediate,769 West Manor haven,Rhode Island,Birmingham,Liechtenstein,(628)869-4152,2020-11-04 01:19:21
STAFF0049420,Cristian Schowalter,entry,7104 Parkway ville,Virginia,Dallas,Andorra,553.053.7730,2023-05-03 23:11:52
STAFF0027186,Bud Thiel,entry,7794 New Court ville,South Dakota,Los Angeles,San Marino,(854)399-5996,2023-08-26 02:24:12
STAFF0061657,Alexie Fritsch,intermediate,363 North Stravenue shire,Rhode Island,Pittsburgh,Mexico,1-196-689-1179,2021-01-04 22:02:44
STAFF0043935,Antonette Hammes,entry,44071 West Plain ville,Wisconsin,Irvine,"Taiwan, Province of China",978.001.6603,2020-11-04 01:50:40
STAFF0040274,Alverta Olson,intermediate,4444 Port Flats fort,Texas,Riverside,Antigua and Barbuda,1-399-482-1017,2020-08-03 23:43:47
STAFF0021398,Timmothy Bartoletti,entry,14910 West Grove ton,New Mexico,Charlotte,Guyana,989.758.8086,2022-02-10 05:35:36
STAFF0032916,Jedidiah Effertz,intermediate,219 New Squares land,South Dakota,Laredo,Malaysia,1-467-593-4916,2023-06-09 13:21:37
STAFF0000896,Tessie Rohan,entry,74761 East Forges ville,Washington,Greensboro,Croatia,(075)206-8771,2022-07-29 20:18:25
STAFF0041946,Elijah Bernier,intermediate,44816 West Light view,New Jersey,Nashville-Davidson,Malawi,(877)790-2830,2021-12-24 09:42:21
STAFF0057493,Arlene Kovacek,intermediate,150 Square berg,Louisiana,St. Petersburg,Zambia,481-266-5929,2020-02-18 01:41:32
STAFF0048779,Jay Renner,intermediate,9881 South Green chester,Utah,Boston,Gabon,546.674.6737,2022-11-18 22:46:24
STAFF0049145,Brenda Nolan,entry,19473 Summit port,Oregon,Los Angeles,South Georgia and the South Sandwich Islands,537.137.1702,2022-08-12 16:03:10
STAFF0035744,Mylene Kirlin,senior,83320 Port Center side,Kentucky,Winston-Salem,Peru,495.409.2479,2021-06-07 11:04:14
STAFF0023246,Peter Hammes,intermediate,27568 Estate burgh,Alaska,St. Louis,Micronesia (Federated States of),(654)299-1769,2022-10-31 21:38:19
STAFF0016621,Philip Ryan,intermediate,287 Mountain view,Massachusetts,Irvine,"Moldova, Republic of",547-607-5235,2022-10-01 04:02:40
STAFF0000746,Angie Grant,entry,341 Cliff side,Illinois,North Las Vegas,Pitcairn,(705)252-7854,2021-09-20 09:55:31
STAFF0005269,Roberta Kling,senior,504 East Skyway haven,Washington,San Bernardino,Samoa,(620)240-6550,2023-06-23 01:56:58
STAFF0021582,Priscilla Hodkiewicz,senior,492 East Green ton,Montana,Birmingham,Solomon Islands,278.487.8354,2022-03-31 05:57:51
STAFF0021164,Broderick Douglas,intermediate,6212 West Summit ville,Pennsylvania,Stockton,Iceland,1-359-967-6347,2023-11-20 03:00:48
STAFF0030807,Carroll Breitenberg,senior,49002 Lake Plaza mouth,Arizona,Winston-Salem,Switzerland,695.512.0076,2020-07-27 12:38:44
STAFF0022900,Lindsey Effertz,entry,304 Roads furt,Nevada,Charlotte,Iran (Islamic Republic of),135.395.8191,2020-04-17 21:02:36
STAFF0009759,Waino Bayer,senior,141 New Via port,Louisiana,Glendale,Fiji,1-171-790-7562,2021-01-24 00:40:53
STAFF0053394,Cody Weissnat,intermediate,78406 Pines stad,North Carolina,Detroit,Romania,1-619-483-6798,2023-04-07 15:04:15
STAFF0033982,Andreanne Goyette,senior,439 Stravenue furt,South Dakota,San Bernardino,Martinique,(952)109-4836,2020-06-01 20:47:01
STAFF0041711,Aimee Windler,intermediate,303 North Unions berg,Virginia,Stockton,Trinidad and Tobago,693.070.4772,2020-12-24 01:59:39
STAFF0061038,Mertie Pagac,entry,22591 Turnpike borough,Michigan,Boston,Virgin Islands (British),190-189-2154,2021-02-20 10:02:22
STAFF0047983,Elaina Thompson,intermediate,149 Burgs mouth,Colorado,Denver,Ghana,681-831-4428,2020-12-01 14:35:16
STAFF0020875,Destiney McDermott,entry,7672 Divide furt,Tennessee,Phoenix,Luxembourg,1-480-352-5910,2022-01-28 08:30:33
STAFF0035813,Christ Cronin,entry,939 New Harbors view,Alaska,Chicago,Yemen,449-934-7512,2020-12-19 12:18:23
STAFF0023246,Rashad Bartell,entry,16534 North Springs stad,Nevada,Riverside,Kiribati,1-144-880-5469,2020-11-14 21:27:38
STAFF0010254,Avery Renner,entry,21617 New Highway mouth,Minnesota,Louisville/Jefferson,Puerto Rico,640-866-5988,2022-01-26 20:27:57
STAFF0035813,Zion Rempel,intermediate,682 Coves chester,Massachusetts,Cleveland,Uzbekistan,204.208.7488,2020-10-26 10:50:57
STAFF0017430,Daisy Schmeler,entry,500 Bypass ville,Illinois,Boston,Haiti,(441)854-2687,2023-04-20 07:22:19
STAFF0007421,Marguerite Bernier,intermediate,154 South Lane ton,Oklahoma,Detroit,Faroe Islands,(120)963-7841,2022-11-07 14:03:49
STAFF0056713,Vella Hane,entry,68276 Ports chester,Washington,Birmingham,South Georgia and the South Sandwich Islands,1-968-689-0268,2023-07-07 23:53:36
STAFF0061038,Lorenzo Gleichner,entry,229 Cape mouth,Nebraska,Seattle,Kenya,1-294-896-1029,2021-03-05 02:21:00
STAFF0032449,Hertha Lind,entry,1723 East Wells furt,Kansas,Reno,"Saint Helena, Ascension and Tristan da Cunha",973-157-0672,2021-10-18 14:01:09
STAFF0065103,Vena Kassulke,senior,179 Spurs haven,Iowa,Miami,Ãland Islands,(584)983-8407,2021-11-13 19:20:01
STAFF0037670,Aurore Kreiger,entry,281 Lake Camp land,Tennessee,Milwaukee,Denmark,1-273-146-3988,2023-04-24 06:26:32
STAFF0057978,Hanna Halvorson,senior,2772 South View borough,Michigan,Pittsburgh,Pitcairn,822-769-8623,2021-08-13 10:35:31
STAFF0044392,Lempi Haley,entry,245 North Neck land,Hawaii,Las Vegas,United States of America,499.557.8163,2023-11-18 09:49:22
STAFF0013193,Deja Luettgen,senior,2270 South Motorway mouth,West Virginia,Pittsburgh,Nauru,(616)282-5714,2022-05-22 22:58:02
STAFF0018352,Marcella Koelpin,entry,91156 North Stravenue shire,New Hampshire,Charlotte,Nigeria,(201)188-2792,2020-01-05 10:29:14
STAFF0021582,Nia Watsica,senior,24720 Track shire,Nevada,Nashville-Davidson,Brazil,761.311.2311,2021-12-11 02:40:09
STAFF0015968,Destiny Hackett,entry,760 Lake Highway port,West Virginia,North Las Vegas,Saint BarthÃ©lemy,587.351.6632,2021-01-22 00:05:47
STAFF0015033,Uriel Pfannerstill,intermediate,68054 East Trace side,New Hampshire,Louisville/Jefferson,Mozambique,(013)693-6806,2020-06-22 00:07:07
STAFF0049204,Norberto Fay,intermediate,4877 South Crescent mouth,Washington,Wichita,Norway,841-322-4117,2021-09-05 14:25:50
STAFF0015968,Verla Davis,entry,4408 Knolls land,Minnesota,Houston,Northern Mariana Islands,601-751-4402,2023-03-21 06:09:56
STAFF0037538,Gust Schuppe,entry,9710 South Valleys view,Kentucky,Chesapeake,Suriname,(630)234-2431,2022-12-29 13:10:59
STAFF0014191,Wyman Schowalter,entry,618 Shores mouth,Maine,Oakland,South Georgia and the South Sandwich Islands,648-623-0859,2020-08-13 02:20:11
STAFF0018577,Garrick Jast,entry,263 Mission view,Vermont,Arlington,Gibraltar,106-972-6598,2021-07-15 06:56:30
STAFF0005085,Camilla Balistreri,intermediate,56502 Square fort,New Mexico,Birmingham,Belize,1-716-827-0065,2021-08-05 14:53:24
STAFF0017430,Kaylah Gleichner,entry,4947 Centers furt,Idaho,Fresno,Solomon Islands,(983)167-8149,2020-12-12 15:55:37
STAFF0004954,Vickie Satterfield,entry,77117 West Rest shire,Oregon,Indianapolis,Puerto Rico,169.733.1005,2020-04-22 22:46:11
STAFF0020889,Melyssa Will,entry,7835 Views view,Hawaii,Cleveland,Zambia,(330)144-0642,2020-08-25 18:31:29
STAFF0059821,Ralph McGlynn,entry,75757 West Roads mouth,Maine,Birmingham,"Tanzania, United Republic of",314-815-9118,2023-11-28 22:48:09
STAFF0064150,Brett Reynolds,entry,32219 West Port town,Ohio,Pittsburgh,Costa Rica,230.869.5406,2020-01-07 16:36:41
STAFF0008738,Mary Lesch,entry,9342 South Row side,Oklahoma,Kansas,Lao People's Democratic Republic,(061)063-9700,2022-08-30 21:57:20
STAFF0034262,Anjali Yundt,senior,909 Fall chester,Utah,Durham,Iceland,1-418-049-2034,2021-10-06 06:37:32
STAFF0028809,Dayton Aufderhar,senior,1575 South Neck haven,New Jersey,Sacramento,Colombia,685-603-2106,2023-06-19 20:38:36
STAFF0024623,Napoleon Walter,entry,9254 Fall town,Illinois,Irving,Eswatini,(105)206-9075,2023-11-02 00:24:11
STAFF0042482,Verona Kreiger,entry,520 Garden side,Virginia,Chicago,Bosnia and Herzegovina,1-640-876-5966,2020-11-27 22:11:38
STAFF0016453,Lavonne Prosacco,entry,155 Lake Grove haven,Nevada,Minneapolis,Afghanistan,(938)547-9640,2023-07-28 22:05:32
STAFF0037018,Beth Glover,intermediate,91233 Path mouth,Kentucky,Boise,Anguilla,222-532-0343,2020-02-19 08:06:32
STAFF0034262,Lauriane Stroman,intermediate,8422 South Parkways berg,South Dakota,St. Paul,Czechia,289.140.8628,2023-10-15 10:55:51
STAFF0026076,Holden Brakus,intermediate,8841 West Way mouth,New Mexico,Lexington-Fayette,Argentina,1-530-114-7881,2021-05-27 17:54:25
STAFF0052091,Jonas Baumbach,intermediate,9957 Port Circles shire,Alabama,Louisville/Jefferson,Luxembourg,(838)125-5055,2020-08-02 07:09:01
STAFF0026231,Camryn Borer,intermediate,6247 New Dale side,Vermont,Santa Ana,Svalbard and Jan Mayen,839-601-8357,2020-02-18 11:11:02
STAFF0043714,Dudley Hilll,entry,36102 North Mount chester,Vermont,Milwaukee,Romania,755.646.9361,2021-10-31 08:43:07
STAFF0051767,Pasquale Hane,entry,6762 South Plain bury,Kentucky,Pittsburgh,Honduras,(966)780-5911,2020-02-20 16:04:08
STAFF0051956,Nicklaus Cummings,entry,515 Green haven,South Dakota,Anaheim,Saint BarthÃ©lemy,933-885-9970,2021-07-01 17:55:35
STAFF0059094,Ashtyn Turner,entry,64786 Gateway ville,Delaware,Chesapeake,Holy See,698.923.8627,2021-06-14 20:59:24
STAFF0015749,Jalen Romaguera,entry,23827 Village land,Oklahoma,Garland,Sri Lanka,1-610-670-9205,2023-09-27 04:27:22
STAFF0009771,Jasmin Fahey,intermediate,8928 Mission haven,South Carolina,Tulsa,Ãland Islands,(856)622-3257,2022-03-12 23:10:45
STAFF0012354,Fiona Spinka,entry,303 Junction stad,Vermont,Cincinnati,Liberia,888.234.1761,2022-04-28 15:16:07
STAFF0018505,Jaiden Legros,entry,55231 Port Course chester,North Carolina,San Diego,Nigeria,(909)906-3860,2020-03-08 11:16:21
STAFF0034803,Rosetta Reynolds,entry,83847 Village stad,Maryland,Cincinnati,Guyana,968-269-4356,2020-01-23 20:23:25
STAFF0018505,Oran Wiegand,senior,17377 New Shore burgh,Rhode Island,Baltimore,Peru,749-769-2342,2021-05-20 19:34:03
STAFF0044417,Eloy Christiansen,senior,667 Light bury,Pennsylvania,Omaha,Bermuda,696-416-0375,2020-02-21 04:20:58
STAFF0033982,Kendall Zemlak,entry,7907 Parkways view,South Carolina,Dallas,Yemen,1-043-593-6639,2023-09-01 07:00:14
STAFF0053394,Carleton Swift,entry,534 North Oval town,Michigan,Santa Ana,Senegal,617-510-5359,2022-08-02 20:52:19
STAFF0052203,Shane Hand,entry,9652 New Road town,Utah,Laredo,Liberia,(592)422-0343,2021-09-30 09:53:33
STAFF0028526,Jules Mayert,entry,75368 South Parkways furt,Michigan,Baton Rouge,Palau,758.070.3037,2022-12-22 03:33:00
STAFF0014628,Treva Mertz,senior,20150 Fords mouth,Maryland,Baltimore,Lao People's Democratic Republic,309.770.5513,2020-09-15 03:06:27
STAFF0060601,Thelma Raynor,entry,45025 Port View mouth,South Dakota,Chesapeake,Northern Mariana Islands,243.834.2630,2021-04-23 20:47:22
STAFF0010753,Quinton Harber,intermediate,8823 Causeway chester,Vermont,Atlanta,Barbados,1-221-216-3177,2023-08-18 14:49:20
STAFF0026231,Alberta Nienow,senior,2956 Port Road mouth,Wyoming,Laredo,Ukraine,582.325.4187,2022-07-15 14:22:34
STAFF0009771,Monserrate Hagenes,entry,757 Parks stad,Maryland,Irving,India,(363)042-1342,2023-11-10 23:49:15
STAFF0053734,Lavina Dare,entry,5745 West Harbors view,Alaska,Houston,Georgia,685.459.4356,2022-09-23 20:24:23
STAFF0014191,Shaniya Streich,intermediate,726 Corners furt,Illinois,Atlanta,Yemen,1-547-118-0973,2023-10-18 23:37:21
STAFF0044392,Vance Rath,senior,593 Lake Forges town,Minnesota,Columbus,Niger,108-847-4371,2021-09-19 07:21:33
STAFF0004450,Dax Rosenbaum,entry,6362 Circles port,Georgia,Miami,Christmas Island,(426)713-4489,2021-12-17 14:24:42
STAFF0032916,Georgette Witting,senior,500 Track haven,Kansas,New Orleans,Iran (Islamic Republic of),(671)833-1559,2022-02-26 08:37:14
STAFF0050381,Chesley Schuppe,senior,57923 Port Inlet town,Connecticut,Washington,"Tanzania, United Republic of",(611)934-5446,2020-02-16 06:09:09
STAFF0042280,Dario Homenick,entry,3316 Meadow borough,Massachusetts,Seattle,Kenya,(270)983-2372,2022-01-19 19:41:41
STAFF0059731,Yolanda Brown,intermediate,8369 Port Fords furt,Georgia,Phoenix,South Sudan,235.367.0327,2022-02-18 21:28:27
STAFF0062310,Preston Hammes,entry,22589 Street haven,Colorado,Minneapolis,"Congo, Democratic Republic of the",1-395-999-1483,2022-08-15 13:09:46
STAFF0020301,Valerie Blanda,intermediate,213 Plaza town,Idaho,Fort Wayne,Puerto Rico,117.680.8364,2022-12-03 23:51:33
STAFF0024686,Eileen Heller,entry,2289 North Stream mouth,Alaska,Omaha,Isle of Man,(463)183-9158,2020-06-08 18:53:59
STAFF0017448,Elinor Bins,senior,6228 Manor land,Alabama,St. Louis,United States of America,389-106-4664,2020-06-03 23:33:03
STAFF0005884,Maxine Gottlieb,intermediate,7786 South Trail land,Indiana,San Francisco,Kazakhstan,(353)945-3463,2020-12-16 06:48:52
STAFF0045445,Cara Grady,entry,53784 Square land,Florida,Toledo,Viet Nam,1-337-803-2220,2021-03-21 00:46:03
STAFF0000450,Sierra Powlowski,entry,24810 West Drive port,Wisconsin,Reno,Nigeria,(441)637-6029,2023-04-25 06:40:50
STAFF0055200,Avery Becker,entry,52640 Glens haven,Wisconsin,Fremont,Belize,581.309.8406,2021-02-06 05:44:55
STAFF0051719,Sofia Tremblay,entry,788 Knolls side,Tennessee,Buffalo,Gibraltar,1-904-696-7021,2020-03-10 17:46:00
STAFF0056713,Jessie Bartoletti,senior,6338 West Views port,New Jersey,Corpus Christi,Liechtenstein,1-761-988-7250,2022-11-13 12:34:10
STAFF0042280,Edna Rempel,entry,73994 Port Fall side,Alabama,Norfolk,Brazil,(663)160-5248,2022-07-26 02:25:28
STAFF0018356,Dena Boehm,entry,1818 Field ton,Alaska,Detroit,Greece,711.675.3971,2021-03-27 02:44:41
STAFF0062303,Bria Smith,entry,55061 South Camp view,Florida,Baltimore,Saint BarthÃ©lemy,929-769-7851,2020-06-10 00:23:03
