user_id,creation_date,name,street,state,city,country,birthdate,gender,device_address,user_type
USER29028,2020-03-23 17:17:08,Cali Walker,581 Avenue bury,Wisconsin,Orlando,El Salvador,1994-10-02 22:53:53,female,18:f8:76:e3:6b:0c,basic
USER24767,2021-07-31 19:59:33,Pink Schmitt,49461 Mission furt,Texas,Phoenix,Faroe Islands,1996-04-30 02:51:05,male,70:a5:df:9c:de:a6,basic
USER48388,2022-04-25 08:33:03,Raina McLaughlin,5156 Place fort,Kentucky,Cincinnati,El Salvador,1972-09-01 19:14:32,male,25:8e:bc:a4:41:a0,premium
USER34332,2023-08-21 15:43:42,Keagan Feeney,6322 South Glen fort,Maine,Kansas ,Cook Islands,2016-12-02 07:12:30,female,eb:5c:c4:4d:b6:4a,basic
USER10122,2021-01-21 11:49:57,Dasia Swift,3773 Estates mouth,Maryland,San Jose,Malawi,2002-03-09 13:43:26,male,41:9f:ed:9d:bf:e6,verified
USER35636,2022-01-15 11:37:06,Viola Brown,4591 South Curve view,Massachusetts,Santa Ana,Ethiopia,2005-09-14 07:08:57,male,0f:d8:d9:db:1e:f5,basic
USER42930,2023-10-31 07:50:33,Arnaldo Harvey,248 New Glen town,Pennsylvania,Detroit,Holy See,1993-05-13 19:25:00,female,68:f0:69:c8:bc:a5,basic
USER25861,2022-09-29 17:28:48,Florence Windler,5640 East Island mouth,Delaware,Boston,Iran (Islamic Republic of),2014-12-06 11:34:12,female,09:94:ea:36:91:8a,basic
USER20048,2023-02-23 10:37:44,Carolyne Schneider,8386 East Fork burgh,Florida,Philadelphia,Christmas Island,2018-12-21 09:17:33,female,2c:db:13:33:59:a5,verified
USER59205,2023-06-02 11:46:25,Boris Hudson,3085 Lake Groves ton,Idaho,Bakersfield,Northern Mariana Islands,2002-11-19 06:44:35,male,03:58:5b:1b:88:07,basic
USER02067,2023-10-08 16:27:11,Stewart Green,4567 Fields berg,Michigan,Cincinnati,Svalbard and Jan Mayen,2013-10-11 15:10:56,female,2e:22:d1:b9:8a:14,basic
USER14758,2023-06-16 01:43:12,Frederique Halvorson,994 New Expressway land,North Dakota,Irving,Cambodia,2000-10-01 09:34:08,female,72:86:db:8a:0b:e6,basic
USER26076,2023-05-13 21:05:48,Samanta Feest,156 Wells bury,Arkansas,Chula Vista,Micronesia (Federated States of),2010-05-29 08:01:31,male,1a:9d:4b:8b:ed:dd,basic
USER28527,2020-06-12 15:00:37,Maryse Hodkiewicz,22210 Port Courts shire,Vermont,Long Beach,Martinique,1981-03-01 09:04:24,female,81:63:73:61:b1:5b,basic
USER05232,2023-08-02 23:00:07,Bridgette Von,540 East Parkways haven,Pennsylvania,Nashville-Davidson,Slovenia,1970-11-18 23:01:22,male,ac:01:f0:35:d2:d9,verified
USER34127,2023-09-24 23:46:35,Lukas Franecki,7652 Port Bridge burgh,South Carolina,Toledo,Solomon Islands,2007-01-13 21:27:01,male,4f:45:26:de:57:8d,basic
USER07451,2021-06-01 15:14:21,Billie Crona,357 East Junctions side,Louisiana,Columbus,Thailand,2000-09-13 13:15:37,male,d2:48:5c:ad:71:ca,basic
USER41268,2020-09-13 11:52:02,Devyn Kub,100 Trail haven,Hawaii,Chandler,Switzerland,1992-07-23 13:47:12,male,59:81:25:1f:e9:b1,basic
USER40568,2023-06-19 07:00:24,Reginald Greenfelder,1444 Lake Hollow bury,Alabama,Minneapolis,Honduras,2017-11-20 14:13:51,female,03:3b:f0:25:d1:9a,basic
USER04485,2023-11-18 07:18:18,Haskell Schuppe,1123 Port Forge furt,New Mexico,Albuquerque,Virgin Islands (U.S.),1993-11-30 10:46:12,male,59:66:af:39:86:6e,verified
USER02886,2021-08-17 05:47:35,Esteban Dickinson,30351 Ranch view,Alaska,Milwaukee,Northern Mariana Islands,1981-08-19 05:58:16,male,3e:bc:19:bd:8b:95,verified
USER40155,2022-09-22 10:52:06,Pink Lowe,58049 Harbors berg,Tennessee,Portland,Belize,2014-05-16 19:43:07,male,31:4c:8e:4d:b8:b8,basic
USER32345,2023-07-13 17:34:52,Mathew Flatley,92693 Villages burgh,Utah,Baton Rouge,Vanuatu,1972-02-15 11:44:43,male,85:16:bd:11:aa:9f,basic
USER11101,2023-10-22 02:12:56,Jerad Hagenes,644 Spur view,New Hampshire,Irvine,Viet Nam,1995-05-18 22:11:33,male,ad:3d:d8:fd:1b:3c,basic
USER00304,2022-02-26 23:45:04,Tom Welch,6161 Lake Plains haven,New Mexico,Charlotte,Seychelles,1990-05-31 21:51:53,male,3f:ac:2b:19:0e:a5,basic
USER36613,2022-01-04 15:05:51,Lazaro Berge,993 Port Trafficway ton,North Dakota,Mesa,Belgium,1998-05-15 13:14:27,female,bd:54:21:17:b4:e7,verified
USER12192,2020-01-28 12:12:00,Deborah Schiller,8542 North Run burgh,Michigan,New York City,Papua New Guinea,2014-07-01 06:13:44,female,56:76:c2:cd:1e:15,verified
USER24605,2020-05-07 07:39:47,Antonette Green,830 West Course port,Michigan,El Paso,Uganda,1973-02-09 03:34:18,female,0e:c7:9d:e9:d2:71,basic
USER09887,2023-07-09 22:21:05,Mckenzie Brekke,94508 Lake Rest furt,Idaho,Washington,Papua New Guinea,1981-01-20 11:13:48,female,19:57:5f:ee:fd:a4,basic
USER00393,2022-10-16 17:26:09,Liliane Smith,4315 West Lodge town,Florida,Cincinnati,Iraq,1973-06-08 08:48:19,male,31:c7:99:cf:1f:cb,verified
USER37038,2023-04-14 11:33:45,Alfreda Conroy,355 Harbors stad,Oregon,Corpus Christi,"Saint Helena, Ascension and Tristan da Cunha",2014-01-11 09:38:13,female,b1:6f:2f:b0:f6:48,basic
USER32117,2020-10-24 07:13:46,Adelia Lemke,78034 Port Ford land,Rhode Island,Buffalo,Australia,2004-07-15 23:19:04,female,6c:4d:25:97:cb:2a,verified
USER62920,2020-12-14 17:21:10,Bert Treutel,60795 North Skyway land,Arizona,Arlington,French Guiana,2004-07-29 03:01:32,male,d7:0d:69:3b:5b:32,basic
USER41122,2020-05-14 08:41:27,Daija Jenkins,96937 Plains ton,Missouri,Lexington-Fayette,Oman,1982-02-16 22:41:36,female,10:63:8b:78:64:49,verified
USER55326,2022-04-13 04:17:37,Selena Kunze,399 North Tunnel burgh,Texas,Laredo,New Caledonia,1998-10-15 19:03:00,female,b0:99:b4:63:5e:26,basic
USER11101,2022-06-23 14:46:56,Cheyanne Herman,178 Port Ranch view,New Mexico,St. Paul,Burkina Faso,1990-10-07 02:53:42,male,77:ef:aa:74:ce:77,basic
USER31817,2021-08-06 05:20:45,Darrin Jewess,755 Valley view,Rhode Island,Chesapeake,North Macedonia,1990-06-20 13:32:19,male,b0:c7:a3:e0:ea:17,basic
USER39158,2023-04-04 13:29:28,Tillman Jewess,4778 Inlet shire,Virginia,Laredo,Guadeloupe,2016-07-16 06:12:30,female,52:e9:d3:d6:53:aa,basic
USER36424,2022-12-12 03:11:45,Rollin Rath,49550 Hollow town,Kentucky,Fresno,Bahamas,1988-03-24 13:55:51,female,fd:b8:10:90:71:88,basic
USER62305,2023-09-23 21:40:02,Nellie Lehner,540 South Points side,Montana,Glendale,Bangladesh,1997-10-05 04:17:53,male,b9:02:29:92:5b:78,basic
USER48890,2022-03-01 07:35:05,Ayana Morar,358 East Stream furt,Georgia,Miami,Namibia,2005-10-06 13:49:57,male,25:5f:45:a7:f7:74,basic
USER33610,2023-07-09 07:34:57,Earnest Powlowski,292 Divide berg,Rhode Island,Scottsdale,"Palestine, State of",1985-06-05 00:37:06,female,87:6e:39:c6:45:e0,verified
USER33610,2020-02-01 16:32:04,Era Cummerata,55858 Lake Parkways chester,Montana,Newark,Tunisia,2001-02-26 14:19:57,male,21:68:b8:24:71:25,basic
USER00304,2020-09-24 17:46:58,Mariam Kemmer,8376 Hill ton,Colorado,Indianapolis,Mali,1973-06-25 19:24:02,male,ab:80:d2:7c:98:76,basic
USER34332,2020-11-16 11:26:55,Martin Abernathy,930 Mount fort,Wisconsin,Garland,Antarctica,1975-06-29 11:18:16,female,98:20:80:52:78:95,basic
USER27519,2021-01-29 14:12:00,Chelsey Hoeger,1311 Lake Views side,Oregon,Omaha,Mauritania,2012-11-18 06:01:47,female,11:dc:37:2d:ce:7e,verified
USER47143,2022-05-15 03:18:02,Jack Kertzmann,71166 West Shoal stad,Louisiana,Colorado Springs,Nicaragua,2016-03-23 02:57:02,female,4e:d5:c2:16:f3:c9,basic
USER22080,2023-09-13 19:32:47,Kareem Goodwin,658 South Hollow land,Utah,Boston,Philippines,1991-04-15 03:09:27,female,42:3d:8d:5c:6a:18,verified
USER46491,2023-10-17 07:54:00,Vergie Schmitt,71201 Cliffs mouth,Texas,Colorado Springs,Sao Tome and Principe,1996-09-20 19:12:51,male,5b:88:c7:80:89:99,basic
USER05356,2022-01-19 13:51:49,Joana Collins,68585 Plains shire,Mississippi,Los Angeles,Tonga,2004-05-24 00:52:52,male,8d:8c:45:fa:f4:fe,basic
USER23024,2020-12-30 10:54:02,Izabella Dicki,63723 South Valley furt,Michigan,Raleigh,Ethiopia,1982-12-01 06:48:36,female,22:dd:e8:5f:8f:e6,basic
USER53421,2021-09-04 06:34:12,Maritza Gleichner,693 North Ports ton,Alabama,Bakersfield,Slovenia,2009-10-09 17:01:10,female,8f:38:0d:36:41:24,basic
USER15280,2020-09-19 00:07:18,Felton Monahan,1316 Camp shire,Florida,Anaheim,China,1982-04-27 22:30:26,male,16:2a:8c:c7:95:1d,basic
USER12489,2021-10-06 19:04:52,Frida Witting,75784 Port Neck shire,Wisconsin,Scottsdale,Montenegro,1999-05-17 07:31:39,male,82:20:26:f1:73:e6,basic
USER15803,2020-02-15 20:26:19,Tierra Wolff,8352 East Mission chester,North Carolina,San Antonio,Côte d'Ivoire,2016-03-04 18:53:45,male,82:5c:25:68:21:85,basic
USER28639,2022-02-10 05:34:38,Alberto Sauer,39738 Island mouth,Connecticut,Long Beach,Panama,2011-06-23 05:41:20,female,73:35:32:79:23:ec,basic
USER11113,2022-06-23 08:07:15,Keon Weber,769 Divide berg,Colorado,Madison,Tonga,1981-04-01 02:08:44,female,46:fc:54:6d:73:f3,basic
USER63584,2021-07-22 04:25:31,Kaci Halvorson,7541 Union chester,Colorado,Tucson,Liberia,1979-10-10 22:05:13,female,d6:43:63:71:87:2a,basic
USER64913,2021-02-23 08:39:38,Madisen Bahringer,61911 New Groves ville,Florida,Reno,Solomon Islands,1972-05-02 15:59:08,female,aa:aa:d6:64:4d:8b,basic
USER22080,2023-11-06 00:58:43,Harrison Aufderhar,729 South Island mouth,Indiana,Oakland,Saint Lucia,1982-01-29 02:49:58,female,19:2a:3c:d5:c8:1c,basic
USER02316,2021-10-26 12:31:43,Chance Brakus,862 Green shire,Washington,Los Angeles,Chad,2008-05-14 11:20:06,male,d6:81:ad:a5:eb:50,basic
USER62168,2022-06-29 02:08:01,Elta Ruecker,6635 Street haven,Hawaii,St. Louis,Saint Kitts and Nevis,1982-01-01 23:46:02,female,39:a1:0d:2d:75:e5,premium
USER21271,2020-08-23 21:17:45,Louie Schulist,4213 Cape fort,New Jersey,Milwaukee,San Marino,1977-07-24 21:02:17,male,02:0d:a0:29:18:82,verified
USER40703,2020-01-22 04:03:46,Selena Fadel,778 Spur haven,Maine,Wichita,Georgia,1970-08-01 08:56:06,male,74:ed:bf:63:0c:79,basic
USER00473,2023-03-10 07:52:20,Camron Stehr,9987 Port Neck side,California,Anaheim,Brazil,1988-12-12 01:34:45,male,86:ee:ae:92:d0:53,basic
USER26076,2020-01-28 07:09:42,Jasen McGlynn,31207 Pine view,Washington,Long Beach,Cabo Verde,2009-01-27 17:23:27,female,3d:73:81:39:a0:c9,basic
USER40627,2020-08-16 01:44:34,Garrison Baumbach,6798 Burgs shire,New Hampshire,Laredo,Cyprus,1977-09-23 05:26:13,male,38:db:c3:3d:8e:f5,basic
USER08178,2023-09-01 16:25:52,Della Reynolds,5066 Pine berg,Illinois,Sacramento,Thailand,2011-09-16 22:05:03,female,6f:64:60:06:af:b0,premium
USER21621,2022-08-07 03:29:11,Efren Schamberger,74771 East Mountains ville,West Virginia,Winston-Salem,Qatar,1986-09-02 04:27:19,female,27:40:f0:44:87:86,basic
USER15803,2020-02-22 15:42:06,Dina Feest,66806 Key haven,Kansas,Jacksonville,Slovenia,1988-01-23 19:37:06,female,52:1e:20:59:ed:78,verified
USER27519,2023-02-06 13:29:21,Sienna Conn,19527 Lake Field mouth,Oregon,San Antonio,Hong Kong,1989-01-13 05:39:14,male,ee:1e:28:79:ce:bd,basic
USER52898,2021-05-12 20:20:28,Maegan Tremblay,428 Curve chester,Indiana,Phoenix,"Congo, Democratic Republic of the",2014-08-11 21:05:35,male,4b:bc:a6:1f:58:b6,verified
USER34313,2023-05-31 20:19:43,Crystal Murazik,4396 Dam borough,Rhode Island,Boston,Namibia,1970-09-20 23:36:11,female,1e:54:c5:8c:bf:1a,premium
USER40703,2023-08-28 00:19:08,Giovanni Mitchell,963 Tunnel mouth,Delaware,Durham,Lithuania,2012-10-25 03:44:32,female,9c:c9:ab:19:b6:f6,basic
USER04719,2022-10-08 10:31:46,Korbin Wiegand,6928 Rest mouth,West Virginia,Pittsburgh,Kiribati,1998-11-24 03:49:12,female,11:b4:70:3b:e4:2f,basic
USER30959,2021-03-01 04:57:17,Karianne Ritchie,6066 East Flat town,Louisiana,Los Angeles,Thailand,1996-04-15 00:33:00,male,63:0d:57:36:16:38,basic
USER06029,2021-02-08 16:43:34,Shawn Walker,8050 South Loaf view,New Jersey,Houston,Nepal,2007-01-09 09:08:27,female,69:fb:6b:9f:53:41,verified
USER54210,2020-05-07 03:28:35,Cali Kautzer,852 Key side,Louisiana,Sacramento,Bosnia and Herzegovina,2004-11-10 22:59:08,male,93:02:e9:07:2a:df,basic
USER11113,2023-01-01 20:21:10,Therese Jewess,2675 West Cape bury,North Dakota,Albuquerque,Ethiopia,1987-06-17 11:28:02,male,10:5a:12:aa:ea:7b,basic
USER04761,2022-03-22 00:00:22,Emerson Stoltenberg,48241 Ports view,Pennsylvania,Jacksonville,Cameroon,1972-04-21 22:40:47,female,a0:8a:e9:ad:98:a6,verified
USER62830,2023-05-13 10:37:19,Claudia Swaniawski,579 Shores chester,Ohio,Baltimore,Congo,2012-05-18 22:42:24,female,8f:9a:34:05:97:29,verified
USER12192,2021-10-23 09:28:23,Damian Braun,34833 Union bury,Maryland,Long Beach,Brunei Darussalam,2012-02-16 10:03:28,female,a2:b1:0b:ab:af:8f,basic
USER62773,2020-08-24 05:48:48,Chris Lubowitz,462 Burgs ville,Ohio,Cleveland,Lesotho,2012-05-02 18:04:36,female,f0:73:ef:a1:92:8d,verified
USER03250,2022-07-25 07:26:51,Wilford Gislason,344 Way town,Wyoming,Honolulu,South Africa,1971-09-03 21:57:11,male,a8:ef:d3:eb:52:e8,basic
USER07322,2022-09-13 18:16:18,Hassie Bergnaum,425 Lodge haven,South Dakota,Austin,Saint Pierre and Miquelon,2006-07-10 14:09:59,male,e8:e5:e3:ac:b2:af,basic
USER33074,2023-04-20 08:19:48,Shyann Crist,4933 New Hill view,Illinois,Arlington,Syrian Arab Republic,2007-02-08 14:38:19,male,25:3a:18:08:04:c1,basic
USER05232,2021-08-21 01:03:34,Selmer Rutherford,3048 Lake Glen fort,Michigan,Glendale,Fiji,2001-07-26 18:06:47,female,07:b7:82:62:cb:2e,basic
USER45506,2021-09-15 20:51:05,Erica Predovic,34934 Courts town,Nevada,Long Beach,Botswana,2017-01-09 20:32:53,male,36:b4:11:dd:c7:af,basic
USER15280,2021-10-23 23:17:14,Forest Kunde,13020 Court bury,Mississippi,Charlotte,Latvia,1986-12-28 08:37:42,female,3b:8e:c8:5b:ed:75,basic
USER19096,2021-11-22 17:19:55,Antonietta Schamberger,171 West Village mouth,Arizona,Boston,Greece,1970-12-14 12:24:17,male,3c:df:49:8e:29:5a,basic
USER62139,2023-01-03 18:49:29,Twila Haley,2200 Lake Harbors chester,Ohio,Phoenix,Lithuania,1991-09-26 21:57:53,female,5c:d6:a3:73:dd:2e,basic
USER52268,2021-11-29 14:39:51,Brianne Stanton,51660 Squares furt,Vermont,Long Beach,Burkina Faso,1996-05-23 06:07:41,male,e7:81:d5:b1:9c:b6,basic
USER29503,2023-06-02 00:15:52,Grady Hayes,19044 New Squares port,Minnesota,Fort Wayne,El Salvador,1983-11-25 13:41:38,female,95:ad:c8:9d:34:59,premium
USER63839,2023-02-28 09:03:39,Carole Jewess,3285 Corner bury,Arkansas,Plano,Portugal,1983-03-05 11:11:51,male,f4:a0:a4:d8:62:b4,verified
USER56296,2021-06-23 16:55:45,Toy Thompson,46474 Isle fort,Indiana,Chula Vista,"Korea, Republic of",1972-01-03 03:34:22,male,b4:bd:0a:c1:92:22,basic
USER54865,2023-04-05 13:52:16,Edmond Reynolds,4288 Hill chester,Arizona,Memphis,Myanmar,1990-06-19 15:02:46,female,9e:58:92:7f:43:1a,verified
USER15237,2020-12-26 12:59:20,Marcelo Skiles,3406 Tunnel ton,Michigan,Long Beach,Timor-Leste,1996-02-10 12:45:38,male,ad:18:f1:bc:6b:3f,basic
USER02886,2020-01-28 14:57:26,Urban Hayes,3679 Vista port,Arizona,Albuquerque,Belgium,1989-09-14 21:04:40,male,b1:0b:2e:b4:28:b9,basic
USER34438,2022-09-19 11:55:15,Ernestina Lowe,562 Road mouth,Missouri,Norfolk,Malaysia,2003-03-29 18:04:16,male,44:05:03:ef:25:45,basic
USER05356,2020-08-27 14:42:11,Carlotta Schroeder,18644 New Tunnel mouth,Oregon,Atlanta,Azerbaijan,2007-08-09 02:15:02,male,fe:a0:45:4a:7d:3f,basic
USER41268,2021-04-08 00:06:23,Darron Erdman,949 Lake Road shire,Wisconsin,Chesapeake,Malaysia,2001-11-21 23:43:02,female,78:23:c8:3e:61:85,premium
USER62773,2022-10-30 00:12:51,Helmer Schowalter,4993 Plains haven,Oklahoma,Birmingham,Belarus,2006-05-11 06:55:31,male,44:c1:a5:e1:52:1a,basic
USER62830,2022-02-07 19:26:54,Shayna Vandervort,384 Freeway land,New Jersey,Scottsdale,Gambia,1980-04-23 21:22:51,male,18:d9:ec:be:48:ef,verified
USER14433,2021-02-02 22:30:47,Rowland Oberbrunner,98680 West Roads mouth,Kentucky,Portland,Nepal,2007-05-19 18:08:38,female,62:8a:26:7f:39:ca,premium
USER00393,2022-08-06 02:47:01,Shaina Bailey,27558 Shores furt,Alabama,Mesa,Brazil,1995-01-15 16:28:17,female,a5:25:61:fd:a3:9f,basic
USER05314,2020-05-19 18:10:35,Jed Schumm,10188 Hill town,Wisconsin,Columbus,Cabo Verde,2013-06-19 06:12:43,male,b9:94:fe:e1:e1:e7,verified
USER10122,2021-08-21 13:04:08,Evans Dicki,58057 Station furt,Arkansas,Philadelphia,Kuwait,1987-06-12 04:15:44,female,e1:29:36:81:c2:3e,basic
USER23805,2023-07-22 05:06:12,Cecile Pfannerstill,62556 Ports bury,Arkansas,Dallas,Côte d'Ivoire,2012-05-03 04:29:47,female,6a:48:de:52:8a:b7,verified
USER52268,2021-02-11 20:18:33,Shakira Kiehn,1047 Stravenue town,New Jersey,Portland,Isle of Man,1992-01-04 02:24:49,female,d8:eb:f8:75:92:e2,basic
USER36075,2023-06-19 01:18:36,Flavio Nikolaus,168 Trail chester,Montana,Mesa,Tokelau,1983-03-01 20:31:41,female,cb:a1:39:bf:e4:92,verified
USER40044,2023-08-07 16:01:32,Dorris Labadie,63335 North Pine town,Wyoming,Raleigh,Qatar,2007-10-13 17:09:14,female,3a:44:6e:1c:f0:59,basic
USER03926,2020-12-21 10:57:31,Oswald Reilly,1825 Port Plaza land,New Mexico,Stockton,Uganda,1970-01-03 01:54:52,female,8e:e0:eb:3d:44:15,verified
USER27491,2023-08-19 20:23:01,Harvey Hamill,2488 East Branch port,Massachusetts,Seattle,South Africa,1995-06-02 01:04:52,female,32:e4:a4:68:c1:ab,basic
USER52542,2023-07-01 05:22:12,Charlene Mitchell,43537 Flat port,Louisiana,Reno,Albania,1987-08-28 05:50:18,female,63:86:2b:36:cc:ca,basic
USER39200,2021-08-13 10:39:09,Arne Luettgen,3267 New Heights chester,Maine,Garland,Sri Lanka,2008-10-04 13:51:36,female,79:d3:58:fe:17:92,basic
USER35489,2020-08-09 10:46:20,Darrin White,607 Port Mews stad,Indiana,Baton Rouge,Sint Maarten (Dutch part),2008-07-14 12:37:42,female,5a:c6:03:ea:45:cb,basic
USER62379,2023-11-13 00:20:35,Modesto Dibbert,2485 New Lock shire,South Carolina,St. Louis,Chile,1995-12-13 00:10:03,male,cb:b1:0d:9e:4c:4f,basic
USER17572,2020-05-24 15:05:01,Violet Padberg,602 Shores side,New Mexico,Miami,Cabo Verde,1972-07-01 01:56:58,female,dc:f6:14:44:f2:c5,basic
USER18140,2021-05-30 02:26:51,Woodrow Strosin,276 Lake Parkways side,Arizona,Bakersfield,France,1976-05-03 13:31:06,female,1b:dc:7d:e8:e6:00,basic
USER06204,2021-10-02 21:42:13,Raina Gleason,27097 Divide side,Wyoming,Austin,Isle of Man,2010-05-07 05:36:53,female,7c:3f:3f:5a:e3:e0,basic
USER63839,2021-04-27 00:10:48,Jairo Greenholt,76901 East Brook mouth,Missouri,Memphis,Ghana,1979-01-27 07:50:21,male,de:63:64:92:65:0e,basic
USER57217,2021-10-07 23:38:48,Kassandra Batz,1956 North Trafficway burgh,Vermont,Austin,Iceland,1973-07-29 02:55:41,female,5d:ac:bd:2d:c4:02,basic
USER02067,2023-06-23 02:35:46,Jalon Runolfsson,809 Port View haven,Hawaii,Newark,French Guiana,1982-09-26 18:55:12,male,85:7b:db:ac:b5:03,basic
USER06120,2021-01-13 14:09:44,Travis Cassin,3721 Lake Lakes mouth,North Carolina,Cleveland,Mauritania,2002-06-17 08:46:31,male,6b:29:2a:fe:9b:89,basic
USER25039,2021-03-02 18:04:51,Ida Sporer,2862 West Centers burgh,Ohio,Hialeah,Portugal,1990-06-12 10:07:23,female,0c:24:d4:e6:2a:41,basic
USER04133,2020-11-21 15:51:14,Eugenia Abbott,167 New Brook berg,Pennsylvania,Irving,Wallis and Futuna,2013-04-29 04:06:51,female,d7:a6:12:97:cc:c1,premium
USER28527,2021-10-07 07:36:38,Gabriella Wunsch,50033 Rapids furt,Massachusetts,Chandler,Georgia,2004-09-21 15:20:52,female,27:c0:26:c9:f4:5e,basic
USER36715,2022-11-03 14:27:33,Lempi Purdy,3001 North Spurs view,Rhode Island,Memphis,Heard Island and McDonald Islands,2005-09-28 23:37:29,female,f7:82:11:2f:6e:5a,basic
USER15480,2020-07-25 12:17:47,Dannie Schroeder,643 Falls berg,Oklahoma,Indianapolis,Paraguay,1989-11-10 01:51:22,male,a7:a6:d3:5b:48:ea,premium
USER16036,2021-09-02 10:50:29,Shanie Vandervort,98776 Land town,Indiana,Henderson,Virgin Islands (British),1972-06-03 05:16:46,male,dd:6b:03:60:f3:10,verified
USER30174,2023-03-16 21:22:37,Daphney Hermiston,735 Lake Brook town,Colorado,Laredo,Japan,1974-05-24 19:26:29,female,f9:ae:b0:09:9d:80,basic
USER20342,2023-03-15 07:53:39,Amos Cormier,962 Lake Orchard ton,Massachusetts,Seattle,Ukraine,1996-03-25 17:46:25,female,62:b1:2b:75:99:4a,verified
USER36902,2021-05-28 21:15:12,Boris Watsica,7559 West Parkways berg,Maine,Anaheim,Kuwait,1976-03-05 20:14:43,male,f8:2b:a2:90:b6:b0,basic
USER11101,2023-07-08 04:55:10,Paige Bruen,12781 Lake Estate furt,Arkansas,Durham,Armenia,2015-05-31 05:22:59,female,25:78:2d:51:0a:7e,basic
USER50778,2022-11-28 16:58:17,Emmet Trantow,18859 Shoal stad,Missouri,Bakersfield,Brunei Darussalam,1987-07-16 04:08:27,female,3e:3a:a9:9e:44:18,basic
USER34992,2021-09-26 15:10:44,Virgil Toy,8064 East Island port,Pennsylvania,North Las Vegas,Argentina,1990-11-18 01:34:11,male,e0:76:b3:0a:db:b2,basic
USER29503,2020-07-06 13:49:53,Gilbert Stanton,74308 Flats fort,Mississippi,New York City,Holy See,2009-09-04 12:08:59,male,9e:60:20:fb:32:05,premium
USER27527,2021-08-24 00:13:39,Elvis Buckridge,419 East Course fort,Delaware,Baltimore,Tajikistan,2017-10-26 22:10:36,female,ee:a3:a6:44:a3:a2,basic
USER34313,2022-04-07 04:50:42,Gretchen Watsica,925 Lake ville,Colorado,Chesapeake,Solomon Islands,2013-05-08 05:50:03,male,37:a4:06:b3:00:94,basic
USER33104,2020-09-08 15:39:53,Gabrielle Hahn,466 East Plains bury,Washington,Long Beach,Peru,2005-02-18 02:45:02,male,2a:f5:39:eb:5b:d0,basic
USER29965,2021-05-20 19:44:16,Rae Cartwright,2872 New Village borough,Rhode Island,Nashville-Davidson,Ukraine,2015-05-16 10:44:54,female,1f:6f:19:fc:0b:3e,basic
USER51679,2020-02-10 10:16:39,Chaya Wehner,39469 Union mouth,Indiana,Baton Rouge,Turkmenistan,1993-06-10 00:22:53,male,68:56:42:1e:2f:40,verified
USER21880,2022-09-29 22:47:45,Gennaro Stanton,9401 Passage ton,New Mexico,Wichita,Niue,2002-03-28 04:48:51,male,af:2a:1e:f8:de:8f,verified
USER02596,2023-06-12 07:49:18,Aurelia Considine,16797 West Common burgh,Missouri,Washington,Mauritania,1972-12-17 13:10:46,male,e5:32:87:46:bd:d0,basic
USER18649,2022-08-18 20:01:20,Chelsey McDermott,871 South Underpass port,North Carolina,Mesa,Myanmar,2001-05-06 03:13:27,male,b9:db:9b:ae:78:8e,verified
USER53684,2022-05-10 06:07:42,Pedro Nader,70630 Canyon burgh,Utah,Las Vegas,British Indian Ocean Territory,1987-06-30 11:20:41,male,3c:91:e6:c9:34:b5,basic
USER27491,2021-06-11 02:19:43,Vella Ebert,5991 South Heights shire,New Hampshire,Pittsburgh,Cuba,2001-04-02 07:28:02,female,5b:57:53:74:0c:06,basic
USER29809,2023-03-11 18:40:55,Verner Hyatt,23809 Brooks side,New Hampshire,Boise,Guernsey,1998-10-26 21:17:42,female,c0:33:18:60:68:34,basic
USER07236,2021-11-03 19:54:57,Tiffany Eichmann,867 East Port bury,Ohio,Memphis,Mauritius,2014-10-07 07:38:39,female,7a:1f:61:2e:2f:c5,basic
USER53684,2021-11-22 09:13:59,Rosemarie Feest,850 East Club furt,Hawaii,Virginia Beach,Czechia,2001-02-16 22:37:59,male,e1:e0:04:5a:4c:10,basic
USER11366,2021-08-19 12:26:14,Montana Bashirian,6459 North Centers port,Massachusetts,Wichita,"Korea, Republic of",1999-03-11 18:03:59,male,88:61:31:56:2a:62,basic
USER01087,2023-07-31 00:22:32,Fern Zulauf,94333 Flat shire,Maine,Cleveland,Greece,1988-04-06 15:19:02,male,fb:a8:b7:09:fc:19,basic
USER20476,2020-06-12 16:14:39,Darron Kub,5901 Tunnel land,Texas,Louisville/Jefferson,South Africa,2003-11-01 22:33:49,male,e1:84:3a:e1:f4:b0,verified
USER30959,2023-10-04 00:36:59,Dena Homenick,41444 Corners fort,Wisconsin,Greensboro,India,2016-04-13 13:07:43,male,f1:f6:a4:a6:19:f7,verified
USER60028,2020-03-03 21:02:45,Alford Dibbert,13051 Spring burgh,Rhode Island,Denver,Belarus,2009-10-05 12:46:54,female,3f:8a:cf:3d:cf:ba,verified
USER58418,2021-07-08 16:39:48,Lenny Koch,6027 Port Parks bury,New Jersey,Jersey ,Madagascar,1977-10-29 15:29:16,female,12:45:94:6f:16:3e,basic
USER14058,2020-07-13 22:11:49,Ruben Ondricka,71456 Ferry land,Minnesota,Cincinnati,Uzbekistan,2003-10-18 08:17:03,male,47:de:25:c9:c3:39,basic
USER47897,2023-11-25 00:37:01,Grayce Fritsch,1391 West Meadow chester,Illinois,Tucson,Guatemala,1975-01-30 12:26:51,male,76:ba:6b:51:ae:f5,basic
USER40568,2021-10-21 19:26:06,Nathanial Nader,87106 Extensions borough,Iowa,Lexington-Fayette,Latvia,1998-07-30 07:32:35,female,86:90:8d:6e:80:c1,basic
USER45506,2023-07-10 21:23:15,Elissa Pagac,60692 West Falls berg,Nebraska,St. Louis,Poland,2014-10-23 02:44:06,female,73:ce:df:62:74:cf,basic
USER48890,2022-12-01 17:08:54,Maximillia Langworth,330 North Camp view,California,Pittsburgh,Portugal,1989-10-12 05:48:59,female,53:d6:f6:25:11:d2,basic
USER07236,2022-01-14 21:07:40,Ryann Abshire,4337 Underpass chester,Delaware,Fort Worth,Viet Nam,2003-09-16 03:45:12,male,9c:1a:12:a0:f1:3b,basic
USER04329,2021-06-21 09:09:18,Christy Upton,62038 Lake Hill ton,North Dakota,Reno,Greece,1979-07-26 13:41:48,female,eb:c7:5d:f9:04:ed,basic
USER04329,2023-08-05 22:29:01,Garnet Carroll,97112 Creek fort,Connecticut,Fort Worth,New Zealand,2006-03-12 23:56:45,male,6f:20:d2:c7:25:6f,basic
USER54210,2020-07-19 04:43:45,Marina Jast,4047 Lake Knoll land,New Jersey,Lubbock,Lithuania,1991-03-28 16:19:06,female,53:8c:45:94:06:53,basic
USER49656,2021-08-14 02:39:09,Esperanza Collins,181 Ports chester,New Hampshire,Stockton,Myanmar,1983-10-26 19:43:54,female,6f:16:25:fb:5d:74,basic
USER21621,2023-08-28 23:34:11,Daniela Schumm,60412 Field land,Tennessee,Columbus,Norway,1980-10-21 13:03:15,female,8a:84:bd:65:e7:de,basic
USER13970,2020-12-02 00:09:53,Jacques Greenholt,89812 Meadows berg,Massachusetts,Pittsburgh,Hungary,2015-02-11 04:15:10,female,08:c8:a7:40:a8:b4,basic
USER53824,2022-03-03 07:38:57,Sadye Legros,900 South Ramp ville,Georgia,Dallas,Virgin Islands (U.S.),1979-08-05 20:56:19,female,e9:49:f3:00:34:48,basic
USER56101,2022-02-14 10:01:37,Era Botsford,906 New Park fort,Oregon,Tucson,Tonga,2005-07-16 19:36:28,male,15:4c:1a:1b:f5:c9,basic
USER59205,2022-12-18 23:04:58,Tod Tromp,86860 Coves stad,Michigan,Toledo,Guernsey,1992-04-16 04:25:17,female,de:10:28:e9:b1:75,basic
USER14058,2022-03-09 22:13:53,Laurel Raynor,189 Lodge burgh,South Carolina,San Bernardino,Zimbabwe,1991-08-18 12:46:15,female,6a:a5:1f:65:0a:17,premium
USER40560,2020-03-12 05:09:55,Tevin Hoppe,103 South Canyon land,Oregon,Minneapolis,Iraq,1981-07-12 11:01:12,female,f2:dd:cf:2a:41:77,basic
USER06120,2021-01-18 19:03:11,June Mertz,83636 Shore ville,Idaho,Laredo,Gabon,1992-11-08 00:41:28,male,c7:99:db:88:10:dc,basic
USER42930,2021-04-15 02:36:48,Laura Schaden,31609 Islands ton,Arizona,Tulsa,Thailand,1975-11-23 22:12:00,male,9b:f3:7a:80:1f:b3,basic
USER33228,2020-06-24 04:47:45,Preston Aufderhar,4149 Lake Shoals port,Montana,Atlanta,Burkina Faso,2003-02-09 18:51:31,male,12:01:e2:41:e0:80,basic
USER00592,2021-01-11 07:58:52,Kyra Bartell,2541 Ville view,New Jersey,San Francisco,Indonesia,2018-12-16 15:42:57,male,5b:4c:22:04:f5:b2,basic
USER61187,2022-12-30 21:24:01,Leonardo Nikolaus,4799 New Alley mouth,Kansas,Toledo,Pitcairn,1972-01-29 14:49:44,female,27:09:b1:dd:fc:7d,basic
USER20306,2022-09-25 01:37:31,Birdie Skiles,93352 North Harbor town,Wisconsin,Chandler,Morocco,1989-05-31 18:13:02,female,e7:39:ad:04:a2:57,basic
USER51055,2021-10-14 06:26:52,Aida Lesch,261 South Freeway side,North Dakota,Las Vegas,Central African Republic,2003-03-18 02:57:51,male,b3:f7:81:59:c5:ae,basic
USER03731,2022-08-22 01:56:11,Amir Hammes,5529 East Parkway furt,Oklahoma,Raleigh,Egypt,1994-07-11 12:46:39,female,dc:6f:b0:50:95:0c,basic
USER53447,2021-05-03 08:49:58,Nelle Grady,799 View port,North Carolina,Norfolk,Bahrain,1993-08-16 09:51:58,male,18:e3:ca:c7:2c:84,premium
USER63701,2023-05-07 19:28:29,Vincent Gusikowski,11885 North Knoll chester,Mississippi,San Antonio,Kazakhstan,1974-10-23 19:11:39,male,3e:8b:0d:f5:55:c4,basic
USER33165,2023-03-09 13:58:11,Anahi Crooks,2058 Stravenue town,Arkansas,Chula Vista,Palau,1992-01-23 23:04:30,male,b5:de:76:8c:ea:67,basic
USER39158,2022-11-04 16:56:44,Moriah Schmeler,74425 Station chester,Nevada,Winston-Salem,Timor-Leste,1994-05-07 10:27:01,male,d6:91:b6:fd:a2:27,verified
USER61851,2021-09-20 14:05:16,Jarret Gerhold,158 South Street mouth,Wyoming,Chicago,Saint Lucia,1998-04-27 05:18:59,female,1f:eb:ae:d3:f0:70,basic
USER13827,2020-10-14 02:06:51,Kian Dickinson,526 Streets ton,Montana,Lubbock,United Kingdom of Great Britain and Northern Ireland,2003-07-08 22:09:36,male,9e:8a:eb:1a:00:6b,premium
USER58418,2023-06-13 12:04:35,General Johnson,5431 Port Station borough,Ohio,Glendale,Comoros,2004-12-03 22:04:28,female,11:07:97:a9:5a:a0,premium
USER13970,2023-09-03 02:49:29,Sanford Ryan,12702 Shoal view,North Dakota,Riverside,Colombia,2011-11-23 23:41:52,male,50:2c:d1:54:4b:57,premium
USER23705,2022-03-14 15:07:19,Emery Rohan,414 Locks burgh,Tennessee,Denver,Trinidad and Tobago,2004-09-14 18:50:06,female,66:3b:4d:b0:e6:0f,basic
USER63019,2020-03-09 19:44:09,Johann OReilly,8487 North Ridge chester,Tennessee,Chesapeake,Papua New Guinea,1983-01-02 12:12:35,female,dd:ec:32:d5:c9:22,basic
USER40560,2021-06-09 14:58:58,Karley Schowalter,4045 Ranch chester,Wisconsin,Denver,Antigua and Barbuda,1990-07-06 00:35:28,male,84:b9:dc:f1:83:41,basic
USER50484,2022-08-20 02:16:57,Shanel Mertz,3633 Circles bury,Connecticut,San Antonio,Cabo Verde,1990-01-10 06:52:43,female,1f:5f:c1:30:25:c5,verified
USER36902,2023-09-25 19:57:19,Stuart Krajcik,702 East Way town,Maine,Austin,Bulgaria,2012-03-24 23:26:58,female,ab:69:14:d1:1f:78,premium
USER40155,2020-12-11 23:40:44,Dahlia Jenkins,5757 South Pine ville,Tennessee,Stockton,Serbia,1976-04-18 12:50:20,male,72:84:85:c9:9a:a0,verified
USER06204,2020-03-26 04:01:34,Sid Hudson,366 River side,California,Chandler,Japan,1971-10-01 19:04:21,female,93:1c:ae:f0:0b:12,basic
USER14061,2021-07-21 18:37:02,Gretchen Sawayn,2258 Port View bury,Alabama,Raleigh,Kiribati,1981-04-09 18:15:31,male,db:04:6d:7d:06:17,basic
USER15007,2021-05-15 18:50:52,Emerald Braun,73422 Alley land,Missouri,Newark,"Moldova, Republic of",1995-07-01 14:00:39,male,d4:f3:93:f6:a5:1c,verified
USER04719,2022-10-24 00:44:23,Ali Crona,5004 East Mountain borough,Wyoming,Philadelphia,Mauritius,2012-05-06 12:46:00,female,2a:2e:d7:5f:9e:83,basic
USER34992,2021-04-10 21:05:15,Providenci Kutch,69770 New Rapid mouth,Idaho,Madison,Vanuatu,1971-02-05 13:47:52,female,fc:fb:2e:26:85:9d,basic
USER21565,2023-10-31 02:11:47,Javier Goodwin,8834 East Port town,Ohio,St. Paul,Yemen,1986-09-28 07:33:23,male,c9:ad:ed:ed:7b:6b,verified
USER16160,2023-07-27 15:54:12,Joanny DuBuque,3626 New Dam haven,Utah,Phoenix,Faroe Islands,1973-01-08 12:21:32,male,ba:7a:d6:fd:3c:0f,basic
USER39200,2021-01-26 10:04:51,Amy Lebsack,73122 Union ville,Oklahoma,Scottsdale,French Southern Territories,1996-06-21 10:03:18,female,6e:4c:43:c9:71:10,premium
USER62379,2023-03-05 14:36:17,Kiara Ratke,2348 South Run burgh,Connecticut,Dallas,Micronesia (Federated States of),1971-01-05 00:54:20,male,f3:e8:69:60:48:7d,basic
USER45166,2023-09-12 11:50:00,Enos Wuckert,1433 Street berg,New Jersey,Mesa,Martinique,1982-11-04 15:09:51,female,35:a3:43:a7:dc:7b,premium
USER20885,2020-11-09 21:13:09,Coty Runte,9078 North Shoals land,Alabama,Jersey ,Gambia,2017-08-15 13:33:20,male,5c:be:de:5c:1a:b8,basic
USER33228,2022-01-11 17:23:49,Leanne Toy,2637 Lock view,Minnesota,Sacramento,Pakistan,1972-03-15 09:50:06,male,53:1f:c9:86:ab:14,basic
USER27527,2022-08-21 22:45:40,Eunice Torphy,38179 South Ramp burgh,Nebraska,Colorado Springs,Croatia,2009-04-12 08:47:05,male,75:c0:ce:d8:33:18,basic
USER00473,2020-04-28 12:09:09,Landen Mayer,116 Common chester,New Hampshire,Tampa,Niger,2001-07-19 00:31:21,male,4d:ec:9f:b1:62:be,basic
USER31416,2023-04-09 21:15:18,Carli Dach,38455 Ways ville,Oregon,St. Petersburg,Saint Pierre and Miquelon,1989-01-07 11:52:27,female,7c:8e:e4:62:18:c1,basic
USER06605,2022-07-15 08:13:45,Antonia Lehner,92695 Point bury,Illinois,Newark,Brazil,1978-09-13 02:35:50,male,a1:08:97:b0:49:a4,basic
USER15237,2020-10-02 13:10:47,Addison Hackett,50336 West Harbor town,Montana,Austin,Falkland Islands (Malvinas),2014-08-24 14:01:59,female,4d:1d:b7:18:89:2b,basic
USER49335,2021-01-25 18:27:41,Lacey Hartmann,196 South Junction shire,Ohio,Madison,Angola,2017-04-04 03:18:05,female,19:cb:a3:3a:f1:4f,basic
USER62168,2023-04-21 16:16:37,Ricardo Kshlerin,88413 North Fords ville,Ohio,New Orleans,France,1978-07-19 11:45:03,female,1a:27:5a:3a:2c:73,basic
USER33243,2021-08-20 15:37:36,Wilma Klein,38994 South Inlet haven,New Hampshire,Corpus Christi,Jordan,1983-01-18 07:34:21,male,32:ba:46:ae:8e:f2,basic
USER11597,2021-08-02 12:42:27,Aracely Little,40548 West Track haven,New Hampshire,Newark,Viet Nam,2001-06-23 10:12:09,female,ba:e6:db:51:df:d3,basic
USER53824,2023-03-03 19:03:05,Colton Ziemann,81086 East Pass bury,New Mexico,Arlington,Monaco,1992-03-25 17:46:03,female,58:be:4d:26:83:03,basic
USER16741,2021-11-13 18:57:33,Tracey Welch,35650 Motorway side,Indiana,Indianapolis,Uruguay,1996-11-20 21:44:16,male,20:bf:2d:b7:2f:30,verified
USER21565,2021-12-16 12:24:31,Ayla Pfannerstill,624 Vista burgh,New Hampshire,Oklahoma ,Curaçao,1999-08-13 12:36:03,female,74:ec:90:36:84:8e,premium
USER60028,2022-09-26 17:37:51,Helen Rath,75330 East Center port,Louisiana,Buffalo,Brunei Darussalam,1977-03-05 04:58:59,male,e1:9d:f3:8d:60:43,basic
USER36917,2021-02-01 05:53:47,Margarete Klein,859 New Plaza land,Utah,Garland,Austria,1998-06-02 21:25:07,female,48:e0:03:af:cc:35,basic
USER04761,2021-11-27 08:55:06,Penelope McKenzie,574 Island shire,Missouri,Irvine,Czechia,1988-04-23 03:27:35,female,ab:9b:02:d4:f5:a2,basic
USER59150,2021-06-05 04:06:36,Emiliano Emmerich,7118 New Glen ville,Florida,Louisville/Jefferson,Isle of Man,1986-02-03 14:32:44,male,34:b7:db:c8:b6:ab,basic
USER11101,2021-11-29 19:54:15,Mariah Reinger,78602 Lake Underpass borough,Alabama,Miami,Haiti,1993-10-01 08:10:50,female,64:91:a9:15:68:d3,basic
USER58765,2022-02-18 13:41:02,Gust Schroeder,13879 Valley haven,West Virginia,Lincoln,Saint Vincent and the Grenadines,2004-12-04 11:24:04,female,0a:91:20:b1:f0:b5,basic
USER18140,2021-06-02 23:14:01,Alyson Halvorson,262 North Springs shire,Indiana,Tucson,Cook Islands,1983-08-23 12:31:42,female,bd:19:e3:c3:d1:1a,verified
USER16160,2022-10-24 03:58:18,Roel Nienow,40806 Crest borough,Montana,Miami,Eritrea,1981-08-10 02:34:37,female,7d:e3:3d:6f:0f:55,verified
USER18649,2020-04-08 07:34:07,Ricardo Rice,8321 New Knoll fort,West Virginia,Nashville-Davidson,Puerto Rico,2001-03-01 00:28:36,female,07:28:a2:01:c8:a6,basic
USER36075,2021-06-03 12:07:55,Janet Koch,185 Isle port,Washington,Kansas ,Peru,2011-09-25 07:09:12,female,a0:7b:4b:aa:8f:63,verified
USER62305,2022-11-03 15:53:15,Carole Ullrich,3690 West Islands stad,Massachusetts,Chesapeake,Antigua and Barbuda,1981-09-03 21:55:07,male,13:2a:56:10:75:d6,verified
USER48388,2022-05-22 15:34:15,Dock Reinger,5499 South Shoals burgh,Iowa,Colorado Springs,Barbados,2009-07-08 21:52:02,female,19:0a:07:d0:57:2f,basic
USER23805,2022-11-20 15:10:35,Anissa Davis,4246 Locks borough,Tennessee,El Paso,Åland Islands,1990-06-27 23:15:47,male,80:c1:47:7a:47:38,verified
USER16512,2020-01-15 06:30:14,Brenden Torp,99690 Divide haven,Oklahoma,Garland,Spain,2002-11-22 07:24:44,male,36:96:68:2d:8f:92,basic
USER29809,2020-02-02 06:10:33,Joy Kulas,728 Square side,Kansas,Boise,Guam,1979-07-01 20:34:57,female,f7:fe:6a:4a:56:1a,basic
USER25861,2020-12-13 16:02:31,Laurianne Gerlach,92534 West Route borough,Oregon,Glendale,Iceland,2000-03-02 04:35:07,female,0d:e8:8e:c9:72:93,basic
USER42453,2022-06-13 21:15:41,Cordie Oberbrunner,7298 Court chester,California,El Paso,Greenland,1979-05-28 01:58:16,male,e7:a4:31:a8:7f:9d,verified
USER51055,2021-04-12 08:25:24,Lawrence Collins,674 Fork haven,Florida,Plano,Turkey,1994-02-19 14:52:52,female,c9:bb:d9:15:08:26,verified
USER35101,2023-10-17 02:06:21,Carlie Bogisich,88951 Lake Freeway berg,Michigan,Denver,New Zealand,1973-12-07 21:03:47,female,87:85:d2:a1:96:1c,basic
USER28613,2022-10-06 21:17:14,Rodolfo Schmeler,7893 Lake Shoals burgh,Wyoming,Glendale,Bouvet Island,1973-09-22 08:19:19,female,23:d4:ae:22:59:75,verified
USER20476,2022-12-17 14:15:52,Darion Kemmer,6604 Track chester,North Carolina,Irvine,Morocco,1970-06-12 19:54:21,female,93:77:b8:29:97:fe,basic
USER05661,2021-11-17 01:57:24,Cydney McDermott,93584 Mall ton,Wyoming,Norfolk,Faroe Islands,1973-04-05 11:27:33,male,c5:8d:e7:34:a7:e3,basic
USER40627,2020-04-30 19:57:03,Mateo Wiegand,725 South Inlet mouth,Massachusetts,Fremont,Niue,1996-03-21 13:51:57,female,9b:19:df:f5:63:90,verified
USER06029,2022-03-07 15:27:16,Hillary Corkery,338 Creek view,Rhode Island,Baton Rouge,Benin,1985-04-18 07:12:02,male,6c:fd:e1:97:33:ab,premium
USER03672,2022-11-13 14:36:48,Elton Lemke,910 Rapid furt,Oregon,Seattle,Cook Islands,2006-03-16 18:58:43,male,75:b0:11:23:1f:d5,verified
USER29965,2022-05-10 22:55:39,William Rosenbaum,8752 Stravenue borough,Alaska,Baton Rouge,Malta,2014-02-13 02:33:36,female,f2:14:f5:12:7f:95,verified
USER58980,2022-07-01 00:18:45,Nellie Ritchie,821 New Crest port,Oregon,Reno,Christmas Island,1988-07-28 01:47:00,female,0b:40:fb:53:a5:66,basic
USER53421,2020-08-26 18:13:40,Nash Pagac,6240 Cove port,Iowa,Garland,Mozambique,1999-04-23 15:34:15,female,5d:bf:89:50:1a:3f,verified
USER00862,2023-01-04 01:28:42,Gus Lebsack,507 Lake Manors borough,Rhode Island,Santa Ana,Puerto Rico,1992-11-03 18:42:12,male,6b:55:3f:54:c0:8f,verified
USER47160,2022-02-15 20:55:16,Rasheed Gerlach,5317 Port Wells mouth,Arizona,Laredo,Turks and Caicos Islands,1982-09-24 21:18:27,male,09:f9:2b:51:e9:9d,premium
USER63426,2023-05-28 17:38:51,Jermaine Rath,77505 Cape shire,Montana,Indianapolis,"Bonaire, Sint Eustatius and Saba",1972-12-17 20:21:32,male,19:6b:76:24:a4:f8,basic
USER55595,2021-05-08 12:33:05,Marilie Gulgowski,68002 New Mills ton,Washington,Anaheim,Australia,2014-04-17 03:25:16,male,87:42:a5:98:22:1d,basic
USER07451,2023-04-08 00:40:32,Alberta Franecki,167 Course mouth,Nevada,Newark,Portugal,1983-06-27 04:50:28,female,56:a9:e0:e2:26:69,premium
USER17572,2023-07-25 16:00:24,Kitty Collins,106 West Passage stad,Minnesota,San Bernardino,"Palestine, State of",1995-11-02 19:48:30,male,9f:e2:42:ca:01:d8,basic
USER19096,2023-07-05 05:36:37,Trudie Rempel,825 South Plaza ton,Utah,St. Louis,Burkina Faso,1984-02-21 01:28:19,female,24:6f:63:d6:b4:dd,basic
USER57913,2022-05-19 16:16:46,Alisha Feil,19694 Port Plaza borough,Hawaii,Columbus,Paraguay,1998-10-12 21:43:41,female,93:a4:41:19:98:c6,basic
USER30959,2023-08-26 16:59:52,Maxine Gislason,737 Fields side,Alabama,Scottsdale,Antigua and Barbuda,1988-02-22 23:41:46,female,21:32:6e:95:d0:56,verified
USER25039,2021-12-26 04:59:39,Briana Daugherty,131 Drive stad,Oklahoma,St. Petersburg,Guyana,1988-05-06 15:22:02,male,5a:c9:92:9c:2f:68,basic
USER44723,2020-03-05 11:57:45,Hollie Kreiger,671 Inlet mouth,North Carolina,Jersey ,Uruguay,2014-06-01 01:16:52,male,9d:bb:f4:0a:cf:72,basic
USER35285,2022-11-08 21:24:13,Wyatt Kovacek,125 Via land,New Jersey,Garland,Albania,2000-07-23 08:55:53,female,b2:dd:98:98:fc:e5,basic
USER21880,2020-07-19 21:17:59,Lafayette Borer,3133 Place shire,Ohio,Miami,Kazakhstan,1979-11-19 18:22:25,female,7c:7c:c3:81:b1:cd,basic
USER01602,2021-02-09 17:02:25,Karlee Wilderman,492 New Motorway haven,South Dakota,Portland,Mozambique,2012-05-23 22:10:51,male,6b:db:00:38:b5:d0,verified
USER62920,2020-12-29 19:36:49,Roscoe Kuhlman,894 East Overpass land,Rhode Island,Portland,Bahamas,1993-04-05 14:10:50,male,b0:fd:ab:10:11:45,verified
USER42453,2020-03-14 15:45:44,Clovis Nader,1434 New Junction land,Georgia,Austin,Bahamas,1970-12-16 07:04:41,male,e0:f2:50:3c:f2:f4,verified
USER43374,2022-03-31 17:20:07,Marcelle Rutherford,90181 Track ton,New Hampshire,Boston,Malaysia,2017-04-25 16:29:30,male,08:b2:57:82:58:9c,premium
USER42060,2020-11-14 08:23:20,Shea McKenzie,4337 South River furt,Maine,Irvine,Pakistan,2007-07-12 14:07:16,female,d4:cd:9d:54:9c:aa,basic
USER28613,2021-01-12 21:30:44,Frieda DuBuque,6705 Vista shire,Missouri,Garland,Maldives,1992-06-26 07:15:06,female,09:1a:df:bc:8f:03,verified
USER60072,2021-04-14 20:08:54,Stephan Mohr,2287 Freeway haven,Arkansas,Fresno,Faroe Islands,1981-03-13 11:35:30,female,78:6e:83:bb:6a:36,basic
USER15480,2021-04-01 20:16:52,Ewell Tremblay,209 Court view,Minnesota,Wichita,Nicaragua,2011-08-26 14:53:10,male,4d:d2:2b:e0:0d:40,premium
USER20048,2022-02-18 18:47:03,Judah Lockman,5954 Brook haven,Utah,Honolulu,Saint Kitts and Nevis,1975-05-13 08:35:25,female,e0:de:55:4c:47:ef,verified
USER15007,2020-05-21 04:54:52,Johnathon Kuhlman,4355 New Lake shire,Rhode Island,Bakersfield,Gambia,2016-06-16 07:46:52,female,a0:5c:9e:f9:ea:8b,verified
USER35489,2020-03-24 13:21:03,Alexandrea Kutch,1524 Lake Field mouth,Alaska,Madison,Haiti,1984-03-22 05:54:21,male,05:40:ad:68:94:9d,verified
USER29594,2023-09-15 12:47:53,Elmira Frami,324 View bury,Wyoming,Miami,Puerto Rico,1980-07-27 15:14:02,female,35:c6:07:93:7c:0f,basic
USER46797,2020-04-26 13:16:09,Bobbie Denesik,98560 East Keys ton,Alabama,Virginia Beach,Maldives,2003-01-08 06:42:55,male,9e:e2:44:75:86:5a,basic
USER51679,2022-06-26 01:40:08,Alexys Mraz,330 East Mission land,Vermont,Orlando,Antarctica,1985-07-01 03:26:23,male,bf:a0:e3:b9:06:cb,basic
USER24767,2021-11-25 00:11:01,Garland Lesch,89165 Tunnel mouth,Idaho,Denver,Russian Federation,1981-08-01 16:50:37,male,30:ad:6f:e9:fa:77,basic
USER36715,2021-04-26 07:50:54,Chelsey Flatley,49316 Manor stad,Kansas,Charlotte,Saint Lucia,1975-08-08 03:25:39,female,1a:e7:81:fa:35:78,basic
USER47001,2020-04-21 13:05:32,Rosemary Walsh,4095 Mill side,Rhode Island,Austin,Kuwait,2010-03-06 12:25:41,male,52:bd:dc:ce:01:d9,premium
USER34992,2021-03-02 14:22:59,Ova Ernser,92703 North Meadows bury,Maryland,Newark,Cayman Islands,2019-07-11 18:30:37,female,ca:5c:e8:a9:89:ba,basic
USER10054,2022-10-31 01:18:30,Winona Batz,192 Port Squares ville,New York,Oakland,Nauru,1973-12-04 17:07:37,male,fc:06:aa:d7:11:7e,basic
USER20306,2020-02-16 10:02:22,Modesta Huel,96282 Pass ton,Minnesota,Virginia Beach,Burundi,1984-10-15 21:12:25,female,c5:58:a6:16:d3:46,premium
USER47001,2020-11-25 01:56:59,Bridie Yost,389 Lake Bypass port,Idaho,Henderson,Bulgaria,2009-01-02 18:45:22,male,98:ac:29:de:44:3a,verified
USER09887,2022-10-15 04:34:11,Shawna Streich,283 South Crest ville,Colorado,Wichita,Eswatini,1988-01-18 02:10:54,male,79:a5:d6:27:b3:62,basic
USER06605,2022-02-10 18:24:09,Eleazar Bartell,438 Bypass borough,Massachusetts,Los Angeles,Cayman Islands,2005-09-28 02:39:17,female,b7:67:88:4d:4a:da,basic
USER12683,2023-09-24 10:56:38,Pat Kuhn,914 Hill stad,Kansas,San Diego,New Zealand,2012-10-22 03:11:51,male,ed:cd:33:a8:a0:b8,basic
USER42515,2022-12-08 21:51:07,Winifred Swaniawski,84327 Trace ville,Indiana,Colorado Springs,Jordan,1981-01-03 03:50:21,female,f7:37:a1:f6:08:63,basic
USER33243,2023-01-30 17:38:46,Clyde Shanahan,48441 North Summit town,Missouri,Boise,Jordan,2004-02-10 01:07:43,female,60:9f:aa:93:60:ab,basic
USER24605,2021-09-26 15:34:12,Micah Ward,42370 New Ridges view,Washington,Fremont,Germany,1971-05-02 15:34:04,male,82:50:5b:05:cd:0d,basic
USER20885,2022-07-26 07:46:49,Delphia Turner,542 East Island stad,Idaho,Oakland,Bhutan,2009-05-21 00:16:16,male,c1:c6:1e:15:4a:25,premium
USER26847,2020-01-13 18:42:26,Dangelo Fadel,41862 Lake town,Arizona,New Orleans,Mayotte,2004-01-02 02:20:52,male,d8:ce:8c:59:cf:be,basic
USER61187,2023-11-07 06:09:02,Uriah White,21995 South Gardens burgh,Oregon,Jacksonville,Isle of Man,1988-11-04 18:53:40,female,79:79:a9:d2:9c:b5,basic
USER47897,2020-02-09 11:08:32,Ines Carroll,6471 Port Divide land,Montana,Indianapolis,Liechtenstein,1976-11-11 23:49:44,female,f4:ce:38:9d:8a:a3,basic
USER22890,2022-06-07 16:32:00,Kaylie Stark,3601 Mountains borough,Hawaii,Miami,Hungary,2000-01-29 21:49:53,male,c4:7d:72:64:4e:a0,basic
USER57913,2021-06-05 05:01:19,Luther Koepp,7438 East Loaf side,Oregon,Memphis,French Polynesia,1981-02-18 23:12:18,male,9e:54:92:27:13:1d,basic
USER55595,2022-07-24 15:50:57,Alison Kertzmann,5272 South Cove berg,Maine,Hialeah,Eritrea,2015-05-10 15:10:04,male,06:02:a0:29:4d:97,verified
USER33074,2021-08-12 16:40:09,Simeon Keeling,20654 Port town,Massachusetts,New York City,Chad,1978-12-04 12:55:56,female,b2:1d:70:bf:f4:f1,basic
USER13827,2021-07-04 01:49:08,Janessa Mraz,292 Crossing berg,Montana,Los Angeles,Anguilla,1976-08-23 02:30:54,male,3d:bc:21:64:22:6c,basic
USER49656,2023-06-11 14:58:58,Sage Anderson,15007 New Points land,Missouri,Orlando,Andorra,2004-11-17 15:57:26,male,af:e4:9c:6d:97:12,basic
USER60124,2020-12-26 18:15:08,Stevie Bode,38080 Walk haven,Maine,Jacksonville,Kiribati,2014-07-27 00:53:24,male,98:93:9e:d0:d4:07,basic
USER64103,2020-12-20 18:12:22,Cristopher Padberg,9814 Brook view,South Carolina,Winston-Salem,Marshall Islands,1975-12-13 03:29:50,female,05:d6:72:2c:56:ce,basic
USER63426,2020-10-01 16:41:31,Braulio Roob,1103 Lake chester,Indiana,Seattle,Réunion,1978-05-08 09:50:48,male,e7:be:46:cc:71:b4,basic
USER14758,2022-07-11 17:19:10,Nikolas Mills,804 Oval town,Connecticut,Lubbock,Isle of Man,2010-04-13 06:28:27,female,b7:8e:74:f7:1e:16,verified
USER47143,2022-10-08 10:02:11,Syble Bogisich,443 Junction mouth,Delaware,Sacramento,Burkina Faso,2012-10-06 21:49:42,male,2e:65:70:05:43:20,verified
USER38454,2023-02-04 17:51:53,Ryan Murray,8070 Lake Corner mouth,Vermont,North Las Vegas,Finland,2008-04-18 18:27:47,female,46:f3:dd:f9:31:8b,basic
USER20342,2020-04-13 09:17:25,Cristobal Jerde,954 Freeway mouth,Arkansas,Newark,Colombia,1997-01-02 08:16:25,female,13:e4:0c:12:51:99,premium
USER56101,2021-08-05 16:16:14,Cole Kozey,5553 South Camp berg,Pennsylvania,Oakland,Bangladesh,1990-03-22 10:46:43,male,50:a7:5f:a3:1f:16,verified
USER22890,2022-03-05 17:58:44,Benton Stanton,5579 Way haven,New York,Irving,Liberia,1972-07-03 04:32:37,female,6a:d4:5e:70:1d:60,premium
USER64103,2021-08-26 00:09:03,Ed Conroy,929 Valleys burgh,New Jersey,Denver,India,2014-02-06 08:37:54,female,23:0a:9c:21:77:d0,verified
USER58980,2021-05-22 20:08:53,Francisco Macejkovic,66500 East Rapid side,Virginia,Lubbock,India,1994-04-12 06:56:13,female,21:ed:2d:c3:00:26,basic
USER14772,2021-11-18 18:38:03,Kianna Schmidt,886 Points stad,Alaska,Oakland,Nicaragua,2011-06-15 10:13:06,female,1e:60:33:30:cf:35,basic
USER12683,2020-11-18 12:56:09,Mark Reinger,1634 West View side,North Carolina,San Jose,Sao Tome and Principe,2010-06-18 13:24:38,female,2d:11:86:dd:de:95,basic
USER63701,2023-01-17 00:58:52,Johan Hirthe,536 Port Ferry mouth,New York,Las Vegas,Yemen,2010-10-15 02:57:31,male,bc:aa:9e:57:49:d1,basic
USER10054,2020-12-22 11:30:23,Keeley Mertz,5483 Street borough,Rhode Island,Lexington-Fayette,Mexico,1989-11-19 10:05:12,female,82:4f:22:d0:a9:27,basic
USER03074,2022-07-20 21:23:39,Mozelle Cronin,53914 North Valley bury,Montana,Washington,Peru,1991-11-13 03:48:59,female,51:b2:f0:73:7a:4f,basic
USER49335,2022-09-23 14:16:57,Zita Yundt,1952 Port Skyway burgh,Pennsylvania,North Las Vegas,Libya,2003-02-08 10:54:43,male,c6:bc:70:56:e1:43,verified
USER14772,2022-11-04 14:18:57,Jada Gibson,40737 Center shire,Washington,Fort Wayne,Guyana,1994-06-08 15:03:12,male,f8:1a:e5:ba:07:60,verified
USER63019,2022-07-31 08:18:36,Blaise Conn,242 Expressway ton,Hawaii,Baton Rouge,Cayman Islands,1990-02-10 11:43:31,male,9c:b1:f9:cc:b9:7a,basic
USER62139,2023-08-05 18:18:11,Dangelo Beatty,26260 Corner side,Tennessee,Omaha,Luxembourg,2010-04-08 19:31:02,male,ae:a0:53:df:21:01,verified
USER28531,2023-08-26 13:14:05,Sarah Bogan,369 New Gateway ton,Oklahoma,Sacramento,Latvia,2008-06-23 20:44:42,male,b2:0e:07:e1:16:67,basic
USER37038,2022-04-12 22:10:12,Osborne Block,37293 East Keys haven,Hawaii,Los Angeles,Brunei Darussalam,2007-09-08 23:23:50,female,5e:c4:46:89:00:ce,basic
USER04485,2022-05-12 17:12:34,Martina Nikolaus,68962 Walk ville,Tennessee,San Bernardino,Marshall Islands,2011-02-11 08:52:53,female,12:b3:42:bc:59:87,verified
USER60329,2023-05-22 07:29:25,Buford Dooley,419 Mountain mouth,Missouri,Miami,Cook Islands,1998-08-22 19:44:41,female,88:22:6b:40:e8:92,verified
USER42785,2021-09-30 18:18:32,Elva Bins,86159 East Court berg,Missouri,Winston-Salem,New Zealand,1980-10-12 10:23:47,male,15:34:a0:a6:c7:50,premium
USER55642,2021-11-12 07:27:45,Earlene Kuhn,882 West Meadows furt,North Carolina,San Bernardino,Mozambique,2005-01-19 11:06:36,female,29:c0:82:13:4e:7a,basic
USER29154,2020-08-26 20:06:31,Lindsey Sanford,111 North Knoll port,Illinois,Seattle,Libya,1982-05-04 15:38:48,male,67:13:66:06:97:65,basic
USER03074,2022-11-20 17:59:14,Bettie Gorczany,8124 Wells land,New York,Nashville-Davidson,Korea (Democratic People's Republic of),1979-10-15 10:37:25,female,37:f3:5c:4b:82:be,verified
USER54865,2020-02-03 05:56:18,Virginie Hane,58472 Cliffs shire,New Hampshire,Chicago,Paraguay,2007-01-18 13:46:06,female,9c:a2:f3:ae:0c:2f,basic
USER58765,2021-06-17 03:26:13,Domingo Leffler,63569 South Lock view,Washington,Dallas,Madagascar,2004-03-26 02:07:24,male,70:36:3e:53:af:0c,premium
USER41122,2020-11-10 04:25:31,Dean Reynolds,35565 Court borough,Maine,St. Petersburg,Bahamas,1979-09-18 13:42:52,male,57:d8:fa:0d:c7:8d,basic
USER12334,2023-10-26 11:44:05,Reid Prosacco,461 Lake Creek stad,Washington,Cleveland,"Bonaire, Sint Eustatius and Saba",1982-11-23 08:10:51,male,40:0d:71:b7:ce:50,basic
USER16741,2021-08-24 16:18:12,Frederique Schmeler,85143 Cape berg,Utah,Orlando,Virgin Islands (U.S.),1990-09-26 19:39:52,male,f4:ef:5a:cc:52:e4,premium
USER21271,2020-12-13 15:38:03,Javon Yundt,67902 Terrace burgh,Michigan,Omaha,Liberia,1990-09-05 00:09:44,male,8f:c4:32:4f:29:5e,basic
USER64913,2023-09-07 07:06:50,Kaia Heaney,981 New Circle furt,North Carolina,Reno,Réunion,1994-03-30 13:27:29,female,7d:02:5d:be:2e:1c,basic
USER32117,2022-03-13 02:13:59,Delphia Powlowski,906 South Curve chester,Alabama,Indianapolis,Sudan,2002-12-22 20:40:49,female,41:25:ec:74:cd:a8,basic
USER50484,2022-06-03 05:10:49,Gail Sipes,7719 New Road shire,Hawaii,Garland,Iran (Islamic Republic of),2009-06-21 10:22:40,male,ac:95:9f:d8:8e:55,verified
USER36917,2023-02-19 12:14:41,Nicolas Schmidt,39698 New View borough,South Carolina,New York City,Viet Nam,2005-11-17 21:54:09,female,ef:bc:cf:a6:51:de,premium
USER46192,2022-10-26 10:28:07,Unique Leffler,3457 Rapids ton,West Virginia,Detroit,Montserrat,2011-03-13 05:58:45,male,ec:d1:e4:70:f8:e8,basic
USER63584,2022-09-28 02:43:54,Yazmin Dooley,92443 Ridges land,New Mexico,Memphis,Chad,1984-03-08 04:37:49,male,d2:07:8c:7c:60:02,basic
USER32345,2022-10-21 17:41:41,Adolfo Considine,91779 Lodge furt,Illinois,Orlando,Chile,2015-04-21 21:54:11,male,48:5a:fa:dd:69:ec,basic
USER03250,2023-09-04 08:43:49,Martine Stracke,75268 Port Corners berg,Mississippi,Pittsburgh,Iran (Islamic Republic of),2006-03-11 19:50:20,male,b8:de:3b:96:56:4f,basic
USER28639,2022-12-17 06:06:56,Camille Rempel,55187 Fork haven,Virginia,San Bernardino,Dominica,1997-05-08 17:16:57,female,10:e7:dd:a5:bb:6a,basic
USER64913,2022-08-27 13:50:05,Petra Hansen,531 Divide bury,Texas,Atlanta,Macao,1999-08-01 16:36:38,male,e1:41:49:07:24:6c,basic
USER23024,2023-01-01 11:59:32,Phyllis Dare,48796 Lane land,Georgia,Tucson,Eritrea,2007-04-18 04:13:03,female,9a:6e:fa:92:ec:3f,verified
USER11366,2023-10-01 08:14:02,Carlo Dicki,19038 Course borough,Minnesota,Madison,Ghana,1972-10-04 21:38:37,female,ed:2d:11:84:6d:03,basic
USER33165,2023-05-23 01:47:13,Antonio Bosco,6226 Walk berg,Georgia,Oakland,Kiribati,2003-12-27 04:48:47,male,b8:ef:29:1f:79:f4,basic
USER16512,2023-05-20 17:53:18,Krystina Schowalter,3869 Court land,Wisconsin,Lubbock,Yemen,2004-10-27 23:59:53,male,e4:15:4f:3e:00:6b,verified
USER29594,2022-04-12 21:15:46,Brennon Mann,8194 East Tunnel furt,Louisiana,Houston,Bahrain,1985-05-24 12:49:52,male,09:d8:0d:a9:31:e0,basic
USER16036,2021-07-08 10:05:36,Mertie Jenkins,49702 Springs port,Florida,Boise,Cabo Verde,1990-04-10 20:59:17,female,d7:8f:b3:f2:ba:24,verified
USER35636,2023-06-22 07:34:44,Charley Torphy,813 Inlet side,Oklahoma,St. Petersburg,Egypt,2005-05-31 07:51:13,male,3a:fa:fe:82:44:57,verified
USER50778,2020-12-27 13:42:16,Beulah Labadie,3053 South Shoals shire,Michigan,New Orleans,Guinea-Bissau,1981-10-03 07:53:03,female,2f:cf:4b:bf:b5:89,basic
USER42515,2022-01-19 12:49:01,Maggie Douglas,69016 North Springs haven,Arkansas,New York City,Ireland,1999-02-26 01:24:33,male,2b:46:2b:78:b0:9d,basic
USER42777,2022-09-14 02:06:17,Ed Blick,8750 Lake Extension land,Nebraska,Orlando,Seychelles,1990-04-04 19:39:02,female,8c:ce:01:93:a0:45,basic
USER29154,2023-05-15 07:10:28,Wilber Torphy,78207 East Shores bury,Iowa,Tampa,Lesotho,2018-04-04 04:22:36,female,78:bf:52:23:71:3c,basic
USER60329,2020-02-02 02:20:27,Trycia Glover,909 Fords burgh,Oklahoma,Indianapolis,Aruba,1988-06-13 15:34:07,female,3d:16:bf:9b:bf:96,basic
USER34127,2020-09-04 21:11:52,Sienna Daniel,489 South Loaf fort,South Carolina,Houston,Mayotte,2018-05-12 09:21:13,male,73:9d:29:fa:39:2c,basic
USER47160,2023-08-19 22:04:47,Dwight Heidenreich,92213 West Crossing ville,Colorado,Columbus,Sao Tome and Principe,1971-03-18 16:54:16,female,07:d7:53:d4:ab:bd,verified
USER43374,2023-06-06 20:38:42,Zechariah Bednar,9459 Field haven,Utah,Madison,Kiribati,1972-07-10 21:03:30,female,8d:f9:e5:06:ea:e3,basic
USER46797,2022-10-21 19:28:15,Wilfrid Hudson,5074 Road fort,Arkansas,Oklahoma ,Pakistan,2002-04-04 05:12:03,female,f5:1b:3f:75:3c:fd,premium
USER38454,2022-12-17 12:47:40,Liza Zemlak,45488 Port Course haven,Illinois,Mesa,Liechtenstein,1979-08-19 00:14:00,male,e0:c6:1a:1c:8d:b0,basic
USER36613,2023-09-19 13:18:07,Herminia Walker,3207 Port Trace burgh,Mississippi,Boise,Gibraltar,1995-07-05 10:30:33,male,42:87:1b:de:3e:29,basic
USER12080,2022-04-30 01:42:44,Shany Franecki,93039 Dam ville,Maryland,Portland,Bangladesh,1994-09-28 07:19:55,male,7f:20:3c:d4:fa:e9,basic
USER11597,2023-11-06 05:00:15,Cara Pouros,7759 North Walk port,Nevada,Las Vegas,Slovenia,2015-09-26 21:35:05,female,04:94:e0:0e:42:4d,basic
USER14433,2022-09-14 11:57:34,Rogelio Fahey,34219 Cliffs haven,Mississippi,Oklahoma ,Bouvet Island,2013-07-24 10:06:00,female,ec:e8:95:fc:f1:b2,premium
USER07322,2022-08-04 02:34:05,Stephania Schiller,2669 Street view,Minnesota,Jersey ,Virgin Islands (British),2000-06-02 16:30:52,female,aa:82:aa:5a:98:ba,basic
USER42777,2021-10-25 18:40:00,Mckenna Bayer,15817 Port Gateway mouth,Texas,Kansas ,Kyrgyzstan,2005-07-22 05:39:18,female,78:3c:ab:c3:70:75,basic
USER08178,2022-01-10 08:57:51,Immanuel Rodriguez,59261 West Ports land,New Mexico,Lubbock,Maldives,1975-02-03 08:09:12,female,3f:2b:85:48:51:50,basic
USER61851,2022-03-30 06:18:17,Leda Tromp,46538 Groves ville,California,St. Paul,Albania,1972-04-11 09:49:38,female,2b:e6:1c:fd:40:eb,basic
USER40044,2022-04-11 11:25:01,Cara Schowalter,338 West Dale bury,Minnesota,Irving,Maldives,2012-01-25 02:47:30,female,0e:e0:f3:82:04:15,basic
USER05314,2023-04-27 01:04:31,Niko Graham,39661 Vista shire,Connecticut,Austin,Greenland,2006-06-15 12:03:06,female,95:4e:43:e5:c5:20,basic
USER31416,2020-05-21 21:21:45,Providenci Paucek,6016 Pine burgh,Vermont,New Orleans,India,1991-03-18 13:08:38,female,67:8c:3c:51:6d:02,basic
USER12489,2023-10-30 20:33:35,Merritt Volkman,365 Lake Vista bury,Oregon,St. Petersburg,"Palestine, State of",1973-07-06 15:20:43,male,e7:c4:a5:23:3c:c5,verified
USER55642,2022-11-12 08:23:40,Holly Wolf,7402 Dale stad,Indiana,Louisville/Jefferson,Saint Martin (French part),1976-10-09 02:59:45,male,9c:65:6c:1a:aa:08,basic
USER26847,2023-08-13 10:19:11,Noelia Wiegand,6876 New Manor land,Michigan,Scottsdale,Mongolia,1984-01-07 22:42:06,male,87:ef:5b:5f:74:1e,basic
USER46491,2021-02-09 23:18:48,Wendy Runolfsson,21528 Loaf land,Colorado,Austin,Cambodia,2000-08-09 11:00:21,female,f9:53:74:14:54:ca,basic
USER03672,2020-02-12 08:58:10,Oran Murazik,5936 Avenue borough,Nebraska,Omaha,Iran (Islamic Republic of),2003-11-04 06:12:12,male,bb:de:9f:b5:8a:91,verified
USER57217,2023-07-31 17:11:49,Kimberly Auer,5100 Dam borough,New Hampshire,Philadelphia,Spain,1982-11-30 01:15:59,female,fe:4c:bd:54:aa:b7,verified
USER59150,2022-02-06 05:16:00,Abigail Tremblay,5352 East Roads port,Texas,Atlanta,Liberia,2014-11-28 16:22:03,male,3b:bf:3b:8a:cc:b5,basic
USER12334,2022-04-15 18:58:59,Louvenia Anderson,92760 New Viaduct port,Mississippi,Oakland,Italy,1986-06-20 05:37:50,female,14:7a:c6:55:8b:92,basic
USER28531,2023-03-28 13:12:33,Hassie Waelchi,8141 West Meadows bury,Oklahoma,Norfolk,Austria,1990-02-15 11:14:27,female,f5:b4:4b:b0:d2:0e,basic
USER55326,2021-08-21 07:00:51,Mathias Koss,468 Spur view,Utah,Denver,Thailand,2010-02-17 03:16:52,female,25:33:d0:82:79:fb,basic
USER14061,2021-01-13 17:04:49,Erwin Greenholt,2506 West Mission furt,Illinois,Wichita,Guyana,1983-06-05 14:44:21,male,20:54:8c:16:06:c9,verified
USER56296,2020-01-13 04:17:59,Joshuah Bosco,81941 South Lodge land,Ohio,Oklahoma ,Algeria,2009-11-24 09:37:39,female,b1:42:d8:0a:63:59,basic
USER60072,2020-05-30 09:33:18,Hortense Considine,19631 Forges haven,New Jersey,Garland,Hungary,1978-05-26 17:29:48,male,a9:15:2e:23:71:9e,basic
USER52542,2022-09-26 23:00:20,Wilton Gerlach,794 Inlet stad,California,Birmingham,Turkey,2014-07-14 01:13:58,female,b3:04:bd:29:1a:1e,basic
USER02316,2023-08-20 22:37:02,Abel Krajcik,2017 East Harbors view,Indiana,Glendale,Benin,2012-10-11 08:34:51,female,f8:25:a8:b1:26:4a,basic
USER31817,2020-08-28 20:08:19,Michael Kerluke,7065 East Pike port,Florida,St. Paul,Jamaica,2013-05-14 22:49:31,male,91:bf:4f:bc:e6:59,basic
USER29028,2021-08-21 07:49:01,Jazmin Jast,37343 Spurs ton,Vermont,New Orleans,Nigeria,1987-02-18 20:58:05,female,8a:98:c5:1a:33:d0,premium
USER00862,2022-07-02 16:18:18,Buck Fritsch,57297 Hollow borough,Nevada,Los Angeles,Greenland,1970-02-18 00:40:22,female,e2:6c:bd:af:a7:4f,basic
USER04719,2021-01-25 19:24:15,Austyn Toy,716 Lake Ford chester,South Dakota,Denver,Sudan,1986-09-20 18:07:55,female,0f:b0:9d:94:06:cb,basic
USER60124,2021-12-06 17:37:25,Shayne Lueilwitz,98935 Lake Street side,Maine,Los Angeles,Uganda,1979-01-06 06:22:47,male,57:f1:b0:6b:f1:06,verified
USER05661,2021-08-27 16:11:38,Meaghan Schaefer,669 Wells ville,Arizona,Oklahoma ,Slovenia,2008-06-02 22:24:13,male,b5:29:f7:9f:9c:27,basic
USER02596,2023-06-10 02:48:34,Armand Feeney,744 Port Track view,Maine,Colorado Springs,Faroe Islands,1984-03-03 00:25:41,female,e2:ec:0c:e9:07:74,premium
USER35285,2022-09-29 20:22:12,Birdie Volkman,1114 New Shoal mouth,Kentucky,St. Paul,Israel,1989-11-10 08:50:31,male,6b:23:95:33:75:dd,basic
USER42060,2021-08-06 04:40:32,Kaya Wolff,331 Port Throughway stad,Iowa,Atlanta,Poland,2015-12-21 16:41:24,female,01:7e:62:39:ea:ce,basic
USER00592,2022-06-14 06:23:43,Marie Mayer,5005 North Hills burgh,Delaware,Virginia Beach,Peru,2008-05-21 21:57:38,female,c3:96:5d:d4:51:ee,basic
USER46192,2022-10-31 14:10:17,Viola VonRueden,61967 South Lock burgh,Texas,Albuquerque,Somalia,2005-08-16 04:17:15,male,f6:79:b5:63:e9:b0,verified
USER42785,2023-06-19 19:50:54,Alva Jacobs,19699 New Ways town,Arkansas,Fremont,India,1981-04-25 12:32:10,female,fb:d2:b8:d1:33:1a,basic
USER01087,2023-10-29 15:32:26,Rebekah Glover,967 East Park view,Maine,Hialeah,Kuwait,2001-08-30 03:40:56,male,92:d4:86:ce:f0:9a,verified
USER53447,2022-05-11 05:08:03,Tracey Lockman,7003 Lake Expressway stad,North Dakota,Mesa,Barbados,2003-09-27 23:57:51,male,27:ea:6e:4d:85:0b,basic
USER33104,2020-10-30 07:40:42,Audra Wiegand,95244 Falls haven,Connecticut,St. Paul,Syrian Arab Republic,2019-05-03 10:04:38,male,41:f3:cf:85:3c:84,basic
USER12080,2022-08-26 06:42:40,Maybell Homenick,3599 Green burgh,Washington,Denver,Tuvalu,2016-05-31 13:01:25,male,f8:c4:da:93:ae:bc,basic
USER01602,2020-05-13 11:23:54,Sylvester Lueilwitz,7941 Lake Dale bury,North Carolina,Chicago,Marshall Islands,2008-07-06 16:33:24,female,9e:93:98:32:be:10,basic
USER03926,2022-04-27 06:45:00,Juana Ebert,17617 Tunnel port,Louisiana,Jersey ,Bahrain,1982-05-01 02:32:48,male,eb:76:54:06:57:49,basic
USER44723,2022-09-07 17:30:46,Krystel Koelpin,2938 South Causeway borough,Wisconsin,Memphis,Armenia,2003-09-30 20:49:17,female,e1:6c:12:75:45:f5,basic
USER52898,2023-07-18 04:02:46,Edward Romaguera,2569 North Junction ville,Connecticut,Newark,Cayman Islands,1985-05-25 17:14:44,male,9e:34:45:97:50:7b,basic
USER03731,2022-07-21 13:01:50,Nellie Bernier,25840 Coves chester,Louisiana,Phoenix,Colombia,2011-09-26 23:07:22,female,27:1b:4e:7f:97:b6,verified
USER34438,2023-01-26 14:02:05,Koby Beatty,341 North Pass furt,Delaware,Houston,Cameroon,2003-10-09 01:06:51,female,86:94:bf:e1:37:39,basic
USER35101,2023-11-20 12:20:12,Theodore Carroll,43340 East Lakes borough,Montana,St. Louis,Belize,1970-09-18 16:31:45,male,23:1c:39:4f:e7:45,basic
USER23705,2022-01-29 17:13:38,Alexandria Hilpert,1370 East Pines ville,Tennessee,Laredo,Indonesia,2005-01-14 11:04:40,female,6f:6f:ef:6b:1a:5a,premium
USER04133,2021-07-23 20:19:54,Kenyon King,3980 Ridge burgh,Oklahoma,Los Angeles,Germany,2019-05-22 01:54:29,female,3e:72:e1:c8:9c:1a,basic
USER30174,2021-06-22 11:12:50,Kelton Ullrich,77558 Springs view,Indiana,Corpus Christi,Hong Kong,1999-04-05 08:50:25,male,55:b1:76:ae:7f:dd,basic
USER36424,2022-10-05 21:36:56,Cordie Jenkins,8928 North Mountains haven,North Dakota,Scottsdale,Tonga,1991-05-18 05:07:36,male,0b:0d:57:d6:c1:ab,basic
USER45166,2020-07-20 03:51:41,Tyrel Feil,920 New Manor port,Rhode Island,Arlington,Virgin Islands (U.S.),1975-12-19 02:27:16,male,83:c9:1e:4e:52:f4,premium
