user_id,name,job_title,job_level
USER48388,Raina McLaughlin,Student,
USER34332,Keagan Feeney,Student,
USER35636,Viola Brown,Student,
USER25861,Florence Windler,Student,
USER20048,Carolyne Schneider,Student,
USER02067,Stewart Green,Student,
USER14758,Frederique Halvorson,Student,
USER26076,Samanta Feest,Student,
USER28527,Maryse Hodkiewicz,Executive,Marketing
USER34127,Lukas Franecki,Student,
USER40568,Reginald Greenfelder,Student,
USER04485,Haskell Schuppe,Student,
USER40155,Pink Lowe,Student,
USER32345,Mathew Flatley,Student,
USER11101,Jerad Hagenes,Student,
USER12192,Deborah Schiller,Student,
USER37038,Alfreda Conroy,Student,
USER55326,Selena Kunze,Student,
USER11101,Cheyanne Herman,Student,
USER31817,Darrin Jewess,Student,
USER39158,Tillman Jewess,Student,
USER36424,Rollin Rath,Representative,Marketing
USER48890,Ayana Morar,Student,
USER34332,Martin Abernathy,Student,
USER27519,Chelsey Hoeger,Student,
USER47143,Jack Kertzmann,Student,
USER05356,Joana Collins,Student,
USER23024,Izabella Dicki,Student,
USER53421,Maritza Gleichner,Student,
USER15803,Tierra Wolff,Student,
USER28639,Alberto Sauer,Student,
USER02316,Chance Brakus,Student,
USER40703,Selena Fadel,Student,
USER26076,Jasen McGlynn,Student,
USER08178,Della Reynolds,Student,
USER15803,Dina Feest,Student,
USER27519,Sienna Conn,Student,
USER52898,Maegan Tremblay,Student,
USER34313,Crystal Murazik,Student,
USER40703,Giovanni Mitchell,Student,
USER04719,Korbin Wiegand,Student,
USER30959,Karianne Ritchie,Student,
USER06029,Shawn Walker,Student,
USER54210,Cali Kautzer,Analyst,Data
USER62830,Claudia Swaniawski,Student,
USER12192,Damian Braun,Student,
USER62773,Chris Lubowitz,Student,
USER03250,Wilford Gislason,Student,
USER07322,Hassie Bergnaum,Student,
USER33074,Shyann Crist,Student,
USER45506,Erica Predovic,Student,
USER62139,Twila Haley,Student,
USER29503,Grady Hayes,Student,
USER56296,Toy Thompson,Student,
USER54865,Edmond Reynolds,Student,
USER15237,Marcelo Skiles,Student,
USER05356,Carlotta Schroeder,Student,
USER62773,Helmer Schowalter,Student,
USER62830,Shayna Vandervort,Student,
USER14433,Rowland Oberbrunner,Student,
USER05314,Jed Schumm,Student,
USER23805,Cecile Pfannerstill,Student,
USER36075,Flavio Nikolaus,Student,
USER40044,Dorris Labadie,Student,
USER52542,Charlene Mitchell,Student,
USER39200,Arne Luettgen,Student,
USER35489,Darrin White,Student,
USER06204,Raina Gleason,Student,
USER02067,Jalon Runolfsson,Student,
USER04133,Eugenia Abbott,Student,
USER28527,Gabriella Wunsch,Executive,Response
USER36715,Lempi Purdy,Student,
USER15480,Dannie Schroeder,Student,
USER30174,Daphney Hermiston,Assistant,Identity
USER36902,Boris Watsica,Student,
USER11101,Paige Bruen,Student,
USER34992,Virgil Toy,Student,
USER29503,Gilbert Stanton,Student,
USER27527,Elvis Buckridge,Student,
USER34313,Gretchen Watsica,Student,
USER33104,Gabrielle Hahn,Student,
USER29965,Rae Cartwright,Student,
USER18649,Chelsey McDermott,Strategist,Branding
USER07236,Tiffany Eichmann,Student,
USER30959,Dena Homenick,Student,
USER60028,Alford Dibbert,Student,
USER40568,Nathanial Nader,Student,
USER45506,Elissa Pagac,Student,
USER48890,Maximillia Langworth,Student,
USER07236,Ryann Abshire,Student,
USER04329,Christy Upton,Student,
USER04329,Garnet Carroll,Student,
USER54210,Marina Jast,Analyst,Mobility
USER13970,Jacques Greenholt,Student,
USER56101,Era Botsford,Student,
USER00592,Kyra Bartell,Student,
USER51055,Aida Lesch,Producer,Interactions
USER03731,Amir Hammes,Student,
USER63701,Vincent Gusikowski,Student,
USER39158,Moriah Schmeler,Student,
USER13970,Sanford Ryan,Student,
USER23705,Emery Rohan,Student,
USER50484,Shanel Mertz,Student,
USER36902,Stuart Krajcik,Student,
USER40155,Dahlia Jenkins,Student,
USER06204,Sid Hudson,Student,
USER15007,Emerald Braun,Student,
USER04719,Ali Crona,Student,
USER34992,Providenci Kutch,Student,
USER39200,Amy Lebsack,Student,
USER20885,Coty Runte,Student,
USER27527,Eunice Torphy,Student,
USER06605,Antonia Lehner,Student,
USER15237,Addison Hackett,Student,
USER49335,Lacey Hartmann,Student,
USER11597,Aracely Little,Student,
USER60028,Helen Rath,Student,
USER36917,Margarete Klein,Student,
USER59150,Emiliano Emmerich,Student,
USER11101,Mariah Reinger,Student,
USER18649,Ricardo Rice,Strategist,Implementation
USER36075,Janet Koch,Student,
USER48388,Dock Reinger,Student,
USER23805,Anissa Davis,Student,
USER25861,Laurianne Gerlach,Student,
USER51055,Lawrence Collins,Producer,Communications
USER05661,Cydney McDermott,Student,
USER06029,Hillary Corkery,Student,
USER03672,Elton Lemke,Student,
USER29965,William Rosenbaum,Student,
USER53421,Nash Pagac,Student,
USER55595,Marilie Gulgowski,Student,
USER30959,Maxine Gislason,Student,
USER44723,Hollie Kreiger,Student,
USER01602,Karlee Wilderman,Student,
USER43374,Marcelle Rutherford,Student,
USER42060,Shea McKenzie,Student,
USER15480,Ewell Tremblay,Student,
USER20048,Judah Lockman,Student,
USER15007,Johnathon Kuhlman,Student,
USER35489,Alexandrea Kutch,Student,
USER36715,Chelsey Flatley,Student,
USER47001,Rosemary Walsh,Student,
USER34992,Ova Ernser,Student,
USER47001,Bridie Yost,Student,
USER06605,Eleazar Bartell,Student,
USER12683,Pat Kuhn,Student,
USER20885,Delphia Turner,Student,
USER55595,Alison Kertzmann,Student,
USER33074,Simeon Keeling,Student,
USER60124,Stevie Bode,Student,
USER64103,Cristopher Padberg,Student,
USER14758,Nikolas Mills,Student,
USER47143,Syble Bogisich,Student,
USER38454,Ryan Murray,Student,
USER56101,Cole Kozey,Student,
USER64103,Ed Conroy,Student,
USER14772,Kianna Schmidt,Student,
USER12683,Mark Reinger,Student,
USER63701,Johan Hirthe,Student,
USER49335,Zita Yundt,Student,
USER14772,Jada Gibson,Student,
USER62139,Dangelo Beatty,Student,
USER28531,Sarah Bogan,Student,
USER37038,Osborne Block,Student,
USER04485,Martina Nikolaus,Student,
USER55642,Earlene Kuhn,Student,
USER29154,Lindsey Sanford,Student,
USER54865,Virginie Hane,Student,
USER50484,Gail Sipes,Student,
USER36917,Nicolas Schmidt,Student,
USER46192,Unique Leffler,Student,
USER32345,Adolfo Considine,Student,
USER03250,Martine Stracke,Student,
USER28639,Camille Rempel,Student,
USER23024,Phyllis Dare,Student,
USER35636,Charley Torphy,Student,
USER42777,Ed Blick,Student,
USER29154,Wilber Torphy,Student,
USER34127,Sienna Daniel,Student,
USER43374,Zechariah Bednar,Student,
USER38454,Liza Zemlak,Student,
USER12080,Shany Franecki,Student,
USER11597,Cara Pouros,Student,
USER14433,Rogelio Fahey,Student,
USER07322,Stephania Schiller,Student,
USER42777,Mckenna Bayer,Student,
USER08178,Immanuel Rodriguez,Student,
USER40044,Cara Schowalter,Student,
USER05314,Niko Graham,Student,
USER55642,Holly Wolf,Student,
USER03672,Oran Murazik,Student,
USER59150,Abigail Tremblay,Student,
USER28531,Hassie Waelchi,Student,
USER55326,Mathias Koss,Student,
USER56296,Joshuah Bosco,Student,
USER52542,Wilton Gerlach,Student,
USER02316,Abel Krajcik,Student,
USER31817,Michael Kerluke,Student,
USER04719,Austyn Toy,Student,
USER60124,Shayne Lueilwitz,Student,
USER05661,Meaghan Schaefer,Student,
USER42060,Kaya Wolff,Student,
USER00592,Marie Mayer,Student,
USER46192,Viola VonRueden,Student,
USER33104,Audra Wiegand,Student,
USER12080,Maybell Homenick,Student,
USER01602,Sylvester Lueilwitz,Student,
USER44723,Krystel Koelpin,Student,
USER52898,Edward Romaguera,Student,
USER03731,Nellie Bernier,Student,
USER23705,Alexandria Hilpert,Student,
USER04133,Kenyon King,Student,
USER30174,Kelton Ullrich,Assistant,Operations
USER36424,Cordie Jenkins,Representative,Directives
